Page,名前,Lv,タイミング,,効果,,,,,,コスト,命中(ダイス数),,ダメージ(ダイス数),,射程,範囲,属性,種類
15,遠隔攻撃,TRUE,メジャーアクション,,この攻撃はエンゲージしていない対象にも行なうことができ、その射程は[SL×10]mとなる,,,,,,,,,,,,単体,,武器攻撃
15,滑空急襲,TRUE,ムーブアクション,,白兵攻撃の命中判定に+1Dし、ダメージに+[SL×5]。メインプロセス終了まで持続する。,,,,,,,,,,,,自身,,武器攻撃
15,豪腕,TRUE,パッシブ,,武器攻撃ダメージ+(SL)D,,,,,,,,,,,,自身,,武器攻撃
15,零距離射撃,FALSE,パッシブ,,エンゲージしているキャラクターも射撃の対象とできる,,,,,,,,,,,,自身,,武器攻撃
15,属性攻撃：,FALSE,パッシブ,,攻撃が属性の魔法ダメージになる。,,,,,,,,,,,,自身,,武器攻撃
15,チャージ,TRUE,ムーブアクション,,戦闘移動or全力移動を行い、白兵攻撃のダメージ+[SL×5]。メインプロセス終了まで持続する。,,,,,,,,,,,,自身,,武器攻撃
15,ドレインパワー,TRUE,マイナーアクション,,武器攻撃で1点でも与えた場合、HPを[SL×5]回復。メインプロセス終了まで持続する。,,,,,,,,,,,,自身,,武器攻撃
15,バインド,FALSE,パッシブ,,武器攻撃が命中した場合、ダメージ有無に関わらず、対象は移動ができない。自分か対象が解除宣言するか、シーン終了まで持続する,,,,,,,,,,,,自身,,武器攻撃
16,武器増強,TRUE,パッシブ,,武器攻撃ダメージ+[SL×2],,,,,,,,,,,,自身,,武器攻撃
16,武器投射,FALSE,マイナーアクション,,「射程：至近」の武器による「射程：10m」の射撃が可能。,,,,,,,,,,,,自身,,武器攻撃
16,吹き飛ばし,TRUE,マイナーアクション,,1点でもHPダメージを与えた場合、攻撃対象を[SL×5]m以内の場所に移動。封鎖の影響を受けない。,,,,,,,,,,,,自身,,武器攻撃
16,複数属性攻撃：／,FALSE,パッシブ,,2属性を選び、（対抗属性は無理）武器攻撃は、その2属性のダメージとなる,,,,,,,,,,,,自身,,武器攻撃
16,変幻攻撃,TRUE,パッシブ,,武器攻撃命中+(SL)D,,,,,,,,,,,,自身,,武器攻撃
16,連続攻撃,FALSE,メジャーアクション,,武器攻撃を2回行う,,,,,,,,,,,,自身,,武器攻撃
17,禁忌魔術,TRUE,パッシブ,,魔術判定+(SL)D,,,,,,,,,,,,自身,,魔法攻撃
17,超絶魔力,TRUE,パッシブ,,魔法攻撃+(SL)D,,,,,,,,,,,,自身,,魔法攻撃
17,追尾魔法,FALSE,マイナーアクション,,魔法攻撃に対するリアクション-1D,,,,,,,,,,,,自身,,魔法攻撃
17,複合魔術攻撃：／,FALSE,メジャーアクション,,魔術。2属性を選び、（対抗属性は無理）魔法攻撃を行う。,,,,,,,,,2,10,20m,単体,,魔法攻撃
17,魔術強化,TRUE,パッシブ,,魔術判定の達成値+[SL+1],,,,,,,,,,,,自身,,魔法攻撃
17,魔術攻撃,FALSE,メジャーアクション,,魔術。2属性を選び、（対抗属性は無理）魔法攻撃を行う。,,,,,,,,,2,10,20m,単体,,魔法攻撃
17,魔力増強,TRUE,パッシブ,,魔法攻撃のダメージ+[SL×2],,,,,,,,,,,,自身,,魔法攻撃
17,連続魔法,FALSE,メジャーアクション,,習得しているメジャーアクションの魔術を2つ使用する。(同じのでも別のでも良い),,,,,,,,,,,,自身,,魔法攻撃
18,威力増強,TRUE,パッシブ,,特殊攻撃のダメージ+[SL×2],,,,,,,,,,,,自身,,魔法攻撃
18,ウィルブレス：(),FALSE,パッシブ,,命中は器用判定、1点でもダメージを与えた場合、選択したバッドステータスを与える。,,,,,,,,,2,敵,20m,範囲(選択),,特殊攻撃
18,グレートブレス,TRUE,ムーブアクション,,〈ウィルブレス〉〈複合ブレス〉〈ブレス〉の射程内から[SL+1]個以下エンゲージ選択、攻撃対象をエンゲージ内にいる任意キャラに変更,,,,,,,,,,,,自身,,特殊攻撃
18,撒布攻撃,TRUE,パッシブ,,特殊攻撃の+(SL)D命中判定,,,,,,,,,,,,自身,,特殊攻撃
18,疾風迅雷,TRUE,,,特殊攻撃のダメージ+(SL)D,,,,,,,,,,,,自身,,特殊攻撃
18,複合ブレス：／,FALSE,メジャーアクション,,2属性選択。命中は器用判定の魔法ダメージ。,,,,,,,,,2,敵*2,,範囲(選択),,特殊攻撃
18,ブレス：,FALSE,メジャーアクション,,属性を選択。命中は器用判定の魔法ダメージ。,,,,,,,,,2,敵*2,,範囲(選択),,特殊攻撃
18,ブレス収束,FALSE,ムーブアクション,,シーン1回。〈複合ブレス〉〈ブレス〉を対象：単体※に変更、ダメージを貫通ダメージに変更。スキル、アイテムで軽減ができない。メインプロセス終了まで持続。,,,,,,,,,,,,自身,,特殊攻撃
19,運命変転,TRUE,その他,,シーンSL回。フェイトn点消費のスキルを、フェイト消費しなくても使用可能。（任意フェイト消費効果変化とロールスキルには発揮しない）,,,,,,,,,,,,自身,,スキル拡張
19,攻撃感知：,FALSE,パッシブ,,一度でもHPダメージを受けると、以後は選択したスキルをシーン終了まで使い続ける・,,,,,,,,,,,,自身,,スキル拡張
19,高速準備,TRUE,ムーブアクション,,マイナーアクションのスキルをムーブアクションで使えるようにする。そのマイナーアクションでは、それは使用できない。,,,,,,,,,,,,自身,,スキル拡張
19,射程延長,FALSE,パッシブ,,射程がm指定のメジャーアクションの,,,,,,,,,,,,自身,,スキル拡張
19,スーパーマスター：,[1-5],パッシブ,,選択したクラスのパッシブを含む任意のスキルを取得している。（SLはこのスキルのSLとする）,,,,,,,,,,,,自身,,スキル拡張
19,スキルマスター：,[1-5],パッシブ,,選択したクラスのパッシブを除く任意のスキルを取得している。（SLはこのスキルのSLとする）,,,,,,,,,,,,自身,,スキル拡張
19,戦いの序曲,FALSE,セットアッププロセス,,セットアッププロセスのスキルをふたつ使用できる。同スキル連続は不可能,,,,,,,,,,,,自身,,スキル拡張
19,無限の力,FALSE,パッシブ,,コストを消費せずにスキルを使用できる（効果での消費と任意コスト消費効果変化には発揮しない）,,,,,,,,,,,,自身,,スキル拡張
20,暗視,FALSE,パッシブ,,暗闇(明度2以下)ペナルティを受けないない。,,,,,,,,,,,,自身,,自己強化
20,回避強化,TRUE,パッシブ,,回避+SL,,,,,,,,,,,,自身,,自己強化
20,完全隠密,FALSE,パッシブ,,対象：範囲、場面攻撃やスキルの対象、影響を受けない,,,,,,,,,,,,自身,,自己強化
20,完全耐性：,FALSE,パッシブ,,選択属性の魔法ダメージによるHPダメージを受けない。,,,,,,,,,,,,自身,,自己強化
20,感知困難,FALSE,パッシブ,,敵とエンゲージしていても隠密状態になることができる。,,,,,,,,,,,,自身,,自己強化
20,看破能力,FALSE,パッシブ,,隠密状態のキャラクターを攻撃、スキルの対象と出来る。そうなったら相手は隠密状態が解除される。,,,,,,,,,,,,自身,,自己強化
20,擬態(),FALSE,その他,,戦闘直前、敵キャラは設定した難易度の機器感知を行い、全員失敗した場合、奇襲攻撃を行う。,,,,,,,,,,,,自身,,自己強化
20,霧の体,FALSE,パッシブ,,物理ダメージによるHPダメージを受けない。魔法ダメージは2倍。このスキルは効果を適用しないことができない,,,,,,,,,,,,自身,,自己強化
21,苦痛耐性,TRUE,その他,,シーン1回戦闘不能時、戦闘不能を回復し、HPを[SL×10]にする。未行動だったなら行動済みにならない,,,,,,,,,,,,自身,,自己強化
21,携帯：,TRUE,その他,,選択したアイテムをSL個取得する。,,,,,,,,,,,,自身,,自己強化
21,再生能力,TRUE,クリンナッププロセス,,HPを[SL×3]回復,,,,,,,,,,,,自身,,自己強化
21,識別不能,FALSE,パッシブ,,識別値:-となり、エネミー識別は失敗、このスキルを取得していることがわかる。情報収集等で能力がわかるようにしても良い,,,,,,,,,,,,自身,,自己強化
21,邪神の力,[1-3],判定の直後,,シナリオSL回。メジャーアクションで行う判定直後に使用。判定をクリティカルに。6の目に関わらず、そのダイスロールに+1D。,,,,,,,,,,,,自身,,自己強化
21,集団戦適応,TRUE,パッシブ,,〈司令塔〉効果中、ダメージ+(SL)D,,,,,,,,,,,,自身,,自己強化
21,駿足,TRUE,パッシブ,,移動力+[SL×2],,,,,,,,,,,,自身,,自己強化
21,条件無視：,FALSE,パッシブ,,トラップの条件からひとつ選択、その条件のトラップを受けず、作動させない。,,,,,,,,,,,,自身,,自己強化
21,迅速,TRUE,パッシブ,,行動値+[SL],,,,,,,,,,,,自身,,自己強化
22,人馬一体,FALSE,パッシブ,,騎乗状態になる。適用解除はマイナーアクションで行う。,,,,,,,,,,,,自身,,自己強化
22,水中行動,FALSE,パッシブ,,遊泳状態でも移動力減少無く移動可能。エンゲージ時、移動を終了しなくて良い,,,,,,,,,,,,自身,,自己強化
22,水陸両用,FALSE,パッシブ,,遊泳状態でも移動力減少無く移動可能。,,,,,,,,,,,,自身,,自己強化
22,装備：,FALSE,その他,,選択したアイテムを装備しているものとしてスキル、パワー、アイテムを使用可能。,,,,,,,,,,,,自身,,自己強化
22,魂砕き,TRUE,パッシブ,,1点でもHPダメージを与えた際、[SL×3]のMPロスを与える,,,,,,,,,,,,自身,,自己強化
22,地形適応：,TRUE,パッシブ,,選択した地形にいる間、あらゆるダイスロール+(SL)D,,,,,,,,,,,,自身,,自己強化
22,超大型,FALSE,パッシブ,,いるエンゲージを封鎖する。,,,,,,,,,,,,自身,,自己強化
22,超小型,FALSE,パッシブ,,封鎖の影響を受けない。,,,,,,,,,,,,自身,,自己強化
22,抵抗性：,FALSE,パッシブ,,選択したバッドステータスを受けない。,,,,,,,,,,,,自身,,自己強化
23,逃走,FALSE,メジャーアクション,,シーンから退場する。ドロップ品決定ロールはできない,,,,,,,,,,,,自身,,自己強化
23,得意分野：,TRUE,パッシブ,,選択した能力値の判定を+(SL)D,,,,,,,,,,,,自身,,自己強化
23,トラップ無効,FALSE,パッシブ,,あらゆるトラップを受けず、作動させない,,,,,,,,,,,,自身,,自己強化
23,二回行動,FALSE,その他,,ラウンド1回、全員行動済になった時、未行動となる,,,,,,,,,,,,自身,,自己強化
23,バインドブレス,TRUE,クリンナッププロセス,,あなたが取得しているバインドの効果を受けているあなた以外のキャラに、[SL×5]のHPロスを与える。,,,,,,,,,,,,自身,,自己強化
23,バッドステータス付与：,FALSE,マイナーアクション,,1点でもダメージを与えた場合、そのバッドステータスを与える。,,,,,,,,,,,,自身,,自己強化
23,バッドステータス無効,FALSE,その他,,バッドステータスを受けた時、回復する。一つに付き、10点(強度×5)のHPロスを受ける,,,,,,,,,,,,自身,,自己強化
23,パラエレメンタル：／,FALSE,パッシブ,,属性を二つ持っている。,,,,,,,,,,,,自身,,自己強化
23,範囲攻撃：,TRUE,パッシブ,,取得時、白兵/射撃/特殊から選択して習得。1つのエンゲージ内のSL×2以下のキャラが攻撃対象になる,,,,,,,,,,,,自身,,自己強化
24,飛行能力,FALSE,パッシブ,,飛行状態となる,,,,,,,,,,,,自身,,自己強化
24,武器耐性：,FALSE,パッシブ,,選択した武器による武器攻撃でHPダメージを受けない,,,,,,,,,,,,自身,,自己強化
24,変身能力,FALSE,その他,,変身してシーン登場可能。見破る場合相手の感知と変身者の精神で対決,,,,,,,,,,,,自身,,自己強化
24,保護色,FALSE,パッシブ,,隠密状態となる、エンゲージされると解除、封鎖する,,,,,,,,,,,,自身,,自己強化
24,骨の体,TRUE,パッシブ,,「長剣、短剣、槍、弓」の攻撃に対して回避+(SL)D,,,,,,,,,,,,自身,,自己強化
24,間合い,FALSE,セットアッププロセス,,戦闘移動、離脱を行う。封鎖されているならできない,,,,,,,,,,,,自身,,自己強化
24,見切り,TRUE,パッシブ,,回避判定+(SL)D,,,,,,,,,,,,自身,,自己強化
24,命中強化,TRUE,パッシブ,,取得時、白兵/射撃/特殊から選択し、その命中の達成値+[SL+1],,,,,,,,,,,,自身,,自己強化
24,猛毒,FALSE,パッシブ,,あなたが[毒]を与えたキャラクターが行なうあらゆる判定に-1D。[毒]を回復するか、戦闘終了まで持続すする。,,,,,,,,,,,,自身,,自己強化
25,脚止め,FALSE,パッシブ,,エンゲージを封鎖する。いつでも適用解除可能。,,,,,,,,,,,,自身,,支援・妨害
25,援護,FALSE,パッシブ,,エンゲージしている任意のキャラのあらゆる判定+1D,,,,,,,,,,,,自身,,支援・妨害
25,オブジェクト破壊,TRUE,メジャーアクション,,シナリオSL回。シーンに存在するオブジェクトひとつを破壊する。破壊不可のオブジェクトは破壊できない。,,,,,,,,,,,シーン,その他,,支援・妨害
25,強化召喚,TRUE,パッシブ,,あなたが行なう《召喚》で登場したエネミーの判定+1D、ダメージ+(SL)D,,,,,,,,,,,,自身,,支援・妨害
25,幻惑の霧,FALSE,メジャーアクション,,暗視等の影響を受けていないキャラに有効。ラウンド終了まで、対象が行なう命中判定-1D。,,,,,,,,,,,シーン,場面,,支援・妨害
25,護衛,FALSE,ダメージの直前,,防御中1回。対象にカバーを行う。行動済みにならない,,,,,,,,,,,至近,自身,,支援・妨害
25,死の咆哮,FALSE,セットアッププロセス,,使用時にバッドステータスからひとつ選択、対象は精神でリアクション判定を行い、選択したバッドステータスを与える。効果強度は1。,,,,,,,,,,,20m,自身,,支援・妨害
25,集団統率,TRUE,セットアッププロセス,,モブエネミーに有効。ラウンド終了まで、[SL×5]の行動値増加を行なう。,,,,,,,,,,,シーン,自身,,支援・妨害
26,召喚：,TRUE,セットアッププロセス,,シーンSL回、取得時に分類orエネミーを1つ選択、あなたの敵以下のエネミーを1体、未行動で登場させる。,,,,,,,,,,,参照,その他,,支援・妨害
26,特殊召喚,FALSE,その他,,召喚と同時に使用。登場させるエネミー数を1D体にする。,,,,,,,,,,,,自身,,支援・妨害
26,司令塔,TRUE,セットアッププロセス,,ラウンド終了まで、あなた以外の対象の行なう判定の達成値+SL,,,,,,,,,,,,場面(選択),,支援・妨害
26,念撃,TRUE,メジャーアクション,,自分の知力と対象の精神で対決を行い、勝利したら[SL×2]点のHPロスを与える。,,,,,,,,,,,20m,自身,,支援・妨害
26,引き寄せ,TRUE,セットアッププロセス,,筋力同士で対決を行い、勝利時、あなたのエンゲージに対象を転送。,,,,,,,,,,,SL×5m,自身,,支援・妨害
26,腐臭,TRUE,パッシブ,,エンゲージ中の〈腐臭〉を取得していないキャラの回避-[SL×2],,,,,,,,,,,,自身,,支援・妨害
26,分裂,FALSE,メジャーアクション,,シーン1回、あなたのいるエンゲージに同じエネミーを未行動で登場。分裂元と分裂先のHPとMPを半分する。,,,,,,,,,,,,自身,,支援・妨害
26,妨害,FALSE,パッシブ,,エンゲージしている任意のキャラのあらゆる判定-1D,,,,,,,,,,,,自身,,支援・妨害
26,魔力付与：,FALSE,メジャーアクション,,取得時に属性を一つ選択。シーン終了まで、対象の武器攻撃を選択した属性の魔法ダメージに変更する。,,,,,,,,,,,20m,単体,,支援・妨害
27,魅了,FALSE,メジャーアクション,,エキストラが命令にしたがう。フリーアクションで解除するか、あなたが戦闘不能、死亡するまで持続する。,,,,,,,,,,,視界,単体,,支援・妨害
27,融合,FALSE,メジャーアクション,,対象のHP、MPをあなたの同じ値だけ回復。あなたは死亡する。ドロップ決定ロールが行えなくなる。,,,,,,,,,,,至近,単体,,支援・妨害
27,輸送移動,FALSE,その他,,移動する直前に使用、対象はあなたと同時に移動する。対象は拒否できる。,,,,,,,,,,,至近,範囲(選択),,支援・妨害
28,ギルマン泳法,TRUE,パッシブ,,ギルマン専用。游泳状態でも移動力が減少せず移動が行える。游泳状態の時にあらゆる判定に+(SL)D,,,,,,,,,,,,自身,,種族専用
28,夜の御子,TRUE,パッシブ,,ヴァンパイア専用。暗闇のペナルティを受けない。暗闇にいるとき、あらゆるダイスロール+(SL)D,,,,,,,,,,,,自身,,種族専用
28,粘液の肌,TRUE,パッシブ,,トロウル専用。受けたHPダメージが[SL×10]未満の時、そのHPダメージを0に変更する。[SL×10]以上だったら通常どおりに受ける。,,,,,,,,,,,,自身,,種族専用
28,ゴブリン集団,FALSE,パッシブ,,ゴブリン専用。命中判定の達成値に[《ゴブリン集団》を取得しているモブエネミーの数]、ダメージに+[《ゴブリン集団》を取得しているモブエネミーの数×2],,,,,,,,,,,,自身,,種族専用
28,疾走,TRUE,パッシブ,,バグベア専用。移動を行った時、メインプロセス終了までダメージ+(SL)D,,,,,,,,,,,,自身,,種族専用
28,闘争本能,TRUE,パッシブ,,オウガ専用。バッドステータを受けている時、ダメージ+(SL)D,,,,,,,,,,,,自身,,種族専用
28,竜の証,TRUE,パッシブ,,竜専用。あなたが行なう武器攻撃で1点でもHPダメージを与えた場合、対象に[SL×5]点のHPロスを与える。,,,,,,,,,,,,自身,,種族専用
28,真の死,FALSE,パッシブ,,中上位魔族専用。死亡条件を設定、その条件を満たした上でとどめの一撃を受けないと死亡しない。,,,,,,,,,,,,自身,,種族専用
29,フェイス：インディマ,FALSE,メジャーアクション,,シーン1回。対象が行なうリアクションは自動的に失敗となり、リアクションを使用するスキル、アイテムは使用できなくなる。この効果はラウンド終了まで持続する。,,,,,,,,,,,20m,単体,,フェイス
29,フェイス：クロムクルー,TRUE,セットアッププロセス,,シーン1回。シーン終了まで対象の【物理防御力】と【魔法防御力】に-[SL×3]（最低0）する。,,,,,,,,,,,,範囲(選択),,フェイス
29,フェイス：セルノーグ,TRUE,ダメージの直前,,攻撃のダメージロールの直前に使用する。その攻撃で1点でもダメージを与えた場合、[毒(SL)]を与える。もし攻撃の対象がすでに[毒]を受けている場合、その効果強度に＋SLする。,,,,,,,,,,,,自身,,フェイス
29,フェイス：トリアラク,TRUE,セットアッププロセス,,シーン1回。ラウンド終了まで対象が行なう攻撃のダメージに[SL×2]（最低0）。,,,,,,,,,,,,範囲(選択),,フェイス
29,フェイス：ブレーグ,TRUE,セットアッププロセス,,シーン1回。ラウンド終了まで対象の【行動値】に-[SL×3]（最低0）,,,,,,,,,,,,範囲(選択),,フェイス
29,フェイス：マハティルグ,FALSE,セットアッププロセス,,シーン1回。ラウンド終了まで対象が行なう回避判定に-1Dする。,,,,,,,,,,,,範囲(選択),,フェイス
29,フェイス：ミーヴァル,TRUE,セットアッププロセス,,シーン1回。効果をダイスで求める魔術に有効。ラウンド終了まで対象が使用する魔法攻撃、HP回復、MP回復、ダメージ増加、ダメージ軽減、行動値増加、行動値軽減を行なう魔術の効果に-[SL×2]（最低0）する。,,,,,,,,,,,,範囲(選択),,フェイス
29,フェイス：モリーアン,TRUE,セットアッププロセス,,シーン1回。ラウンド終了まで対象が行なう武器攻撃の命中判定に-[(SL)D]する。,,,,,,,,,,,,範囲(選択),,フェイス
30,完全物理防御,FALSE,セットアッププロセス,,パワー。ラウンド終了まであなたは物理ダメージによるHPダメージを受けない。,,,,,,,,,,,,自身,,パワー
30,完全魔法防御,FALSE,セットアッププロセス,,パワー。ラウンド終了まであなたは魔法ダメージによるHPダメージを受けない。,,,,,,,,,,,,自身,,パワー
30,穢れし束縛,FALSE,セットアッププロセス,,パワー。ラウンド終了まで対象はイニシアチブプロセスのスキルを使用できない。,,,,,,,,,,,,範囲(選択),,パワー
30,三回攻撃,TRUE,メジャーアクション,,パワー。シナリオSL回、武器攻撃を3回行う,,,,,,,,,,,,自身,,パワー
30,三連魔術,TRUE,メジャーアクション,,パワー。シナリオSL回、メジャーアクションの魔術を3回行う,,,,,,,,,,,,自身,,パワー
30,邪神顕現,[1-3],判定の直後,,パワー。シナリオSL回。メジャーアクションで行う判定直後に使用。判定をクリティカルに。6の目に関わらず、そのダイスロールに+10D。,,,,,,,,,,,,自身,,パワー
30,障壁展開,TRUE,ダメージの直後,,パワー。対象がダメージを受けるダメージロールの直後に使用する。そのダメージに-[SL×20]する。1回のメインプロセスに1回使用可能。同じタイミングで複数の《障壁展開》が使用された場合、対象がどの効果を使用するかを決定できる。,,,,,,20,,,,,,単体,,パワー
30,神魔の力,TRUE,その他,,パワー。シーンSL回。「効果」に「フェイトをn点消費」とあるパワーと同時に使用する。その「効果」でフェイトを消費せずにそのパワーを使用できる。ただし、任意にフェイトを消費して効果が変わるパワーには効果を発揮しない。,,,,,,,,,,,,自身,,パワー
31,隙なき防御,FALSE,パッシブ,,パワー。あなたはあなた以外が使用するスキルやアイテムの効果によるＨＰロスを受けない。,,,,,,,,,,,,自身,,パワー
31,絶対行動,FALSE,パッシブ,,パワー。あなたが使用するスキル、パワー、あなたが行なうすべての判定は、スキルの効果によって失敗させることができない。アイテムの効果ならば失敗させることができることに注意。,,,,,,,,,,,,自身,,パワー
31,超広範囲攻撃,TRUE,その他,,パワー。あなたが行なう攻撃と同時に使用。この攻撃を「対象：場面（選択）」「射程：視界」に変更する。1シナリオSL回使用可能。,,,,,,,,,,,,自身,,パワー
31,能力封印,FALSE,その他,,パワー。対象が「タイミング：メジャーアクション」のスキルの使用を宣言した時に使用する。そのスキルは効果を発揮せず、持続もせずに即座に終了となる。効果を発揮しなくともスキルは使用されたことになるので、対象はコストなどを通常どおり消費する。1シナリオに1回使用可能。,,,,,,,,,,,,単体,,パワー
31,パワーマスター,TRUE,パッシブ,,パワー。取得する際、クラスからひとつ選択、あなたは選択したクラスの「タイミング：パッシブ」をを含む、任意のパワーを取得している。SLはこのパワーのSLとする（SL上限は超えない）。選択したクラスごとに別のパワーとして扱う。,,,,,,,,,,,,自身,,パワー
31,滅びの吐息：,FALSE,メジャーアクション,,パワー。取得する際、属性からひとつ選択、対象に特殊攻撃を行なう。この攻撃の命中判定は【器用】判定、ダメージは[10D＋5]の選択した属性の魔法ダメージとなる。選択した属性ごとに別のパワーとして扱う。,,,,,,,,,5,10,,場面(選択),,パワー
31,無双の技,FALSE,パッシブ,,パワー。あなたが行なう攻撃のダメージは、スキルやアイテムの効果によってダメージ軽減や変更が行なえない。,,,,,,,,,,,,自身,,パワー
31,冷笑の退場,FALSE,その他,,パワー。シナリオに1回、任意のタイミングで使用できる。対象を任意の場所に転送する。ただし、対象は全員同じ場所に転送される。,,,,,,,,,,,,範囲(選択),,パワー
31,連携瓦解,[1-3],その他,,パワー。シナリオにSL回、対象が「タイミング：パッシブ」以外のギルドサポートの使用を宣言した時に使用する。そのギルドサポートは効果を発揮せず、持続もせずに即座に終了となる。効果を発揮しなくともギルドサポートは使用されたことになる。,,,,,,,,,,,,単体,,パワー
スーパーマスター用、全パッシブ,,,,,,,,,,,,,,,,,,,
クラス,名前,,タイミング,,内訳,,,,,,,,,,,,,,
ウォーリア,スーパーマスター：ウォーリア,,パッシブ,,"《アームズマスタリー：近接》近接武器から1つ選択、選択武器使用時の命中判定+1D
《ウェポンルーラー》武器を使用した命中判定の達成値+[SL+1]
《オートガード》物理防御+[SL*2]、魔法防御+[SL]
《シールドストライク》《シールドスラム》《シールドバリー》
　盾装備時、武器を使用した命中判定の達成値+[SL]、ダメージ+[SL*2]、白兵攻撃のダメージに+[装備している盾の重量]、回避判定の達成値+2

《クールランニング》《レイジング》5で取得可能、《レイジング》のデメリットを受けない
《マジックディフェンダー》《ディフェンダー》5で取得可能、《ディフェンダー》の効果を「物理防御、魔法防御+[SL*3]に変更する",,,,,,,,,,,,,,
アコライト,スーパーマスター：アコライト,,パッシブ,,"《アームズマスタリー：打撃》打撃武器の命中判定+1D
《ディバインアーム》打撃武器の命中判定+[SL+1]
《ビリーブ》貫通攻撃を与える魔法攻撃のダメージ+[SL*4]
《ホーリーガード》物理防御+SL、魔法防御+SL*2

《ホーリーグレイス》《ホーリーアーマー》5で取得可能、ホーリーアーマーの効果を両方に適用する",,,,,,,,,,,,,,
メイジ,スーパーマスター：メイジ,,パッシブ,,"《マジシャンズマイト》魔法攻撃のダメージに+(SL)D
《コンセントレイション》魔術判定に+1Dする
《アースブレイカー》《ウォーターマスター》《エアリアルセイバー》《ファイアロード》４属性の魔法ダメージに+[SL*4]

《イフリート・シマー》《ファイアロード》5で取得可能、　　　火属性の魔法でダメージを与えた場合、対象の命中判定に-1D
《ダオ・グラスプ》《アースブレイカー》5で取得可能、　　　　地属性の魔法でダメージを与えた場合、対象の移動力に-5する
《ディジニ・ブリーズ》《エアリアルセイバー》5で取得可能、　風属性の魔法でダメージを与えた場合、対象の物理防御に-10する
《マリッド・ストリーム》《ウォーターマスター》5で取得可能、水属性の魔法でダメージを与えた場合、対象の回避判定-1D",,,,,,,,,,,,,,
シーフ,スーパーマスター：シーフ,,パッシブ,,"《アームズマスタリー：短剣、鞭》取得する際に短剣、鞭からひとつ選択、選択した武器の命中判定+1D
《アンビデクスタリティ》短剣、鞭装備時、右手と左手にそれぞれ指定された武器種を装備している時、2つの武器の命中、攻撃、行動修正を合計した装備部位：双の1つの武器として扱う
《シャドウストーク》移動を行っても隠密状態は解除されず、隠密状態のままエンゲージできる
《ストライクスロー》投射による射撃攻撃のダメージ+[SL*4]、射程+10m
《スペシャライズ》取得時に武器の種別を1つ選択、選択した武器の命中判定に+SL、ダメージに+SLする
《バタフライダンス》回避判定に+1Dする

《ウェポンフォーカス》《スペシャライズ》5で取得可能。選択した武器攻撃のダメージ+5",,,,,,,,,,,,,,
アルケミスト,スーパーマスター：アルケミスト,,パッシブ,,"《アームズマスタリー：錬金術、錬金銃》取得する時錬金銃、錬金術から1つ選択、選択した武器を使用した命中判定に+1Dする
《アルケミカルサークル》錬金術判定に+1D
《エリクサー》ポーションの効果に+1Dする
《トキシコロジー》あなたが与える毒の強度に+1する
《ラピス・フィロソフォルム》錬金銃、錬金術の武器攻撃のダメージに+[SL*2]する",,,,,,,,,,,,,,
イリュージョニスト,スーパーマスター：イリュージョニスト,,パッシブ,,"《イリュージョンマスター》魔術(幻)のスキルの魔術判定に必要な能力値を精神に変更する
《プラクティスマインド》精神判定の達成値に+[SL+1]する

《リアリスティックイメージ》《ファイナルイリュージョン》5で取得可能、あなたのイリュージョニストのスキルは、植物、機械、アンデッドにも効果がある",,,,,,,,,,,,,,
ガンスリンガー,スーパーマスター：ガンスリンガー,,パッシブ,,《アームズマスタリー：魔導銃》武器を使用した命中判定+1D,,,,,,,,,,,,,,
サムライ,スーパーマスター：サムライ,,パッシブ,,"《アームズマスタリー：刀》武器を使用した命中判定に+1D
《シークレットフォーミュラ》パッシブではない刀使用、刀装備が使用条件の侍のスキルを刀以外の方法で使用できる、ただしコストに+2
《ツインブレイド》右手と左手にそれぞれ刀を装備している場合、命中判定+SL、ダメージ+[SL*2]
《トゥーハンドアタック》装備部位：片の刀を装備部位：両に変更し、攻撃力に+[SL*2]する
《フォアストール》行動値に+[SL*2]する

《インサイトブレイド》《トゥーハンドアタック》5で取得可能、命中判定の達成値+3",,,,,,,,,,,,,,
サモナー,スーパーマスター：サモナー,,パッシブ,,"《ディシプリン》サモナーのスキルの判定の達成値に+[SL+1]する
《テリトリー》射程：至近以外のサモナーのスキルの射程に+[SL*5]mする。
《フォースブリンガー》無属性の魔法ダメージを与える魔法攻撃のダメージ+[SL*4]
《ブラッドパクト》サモナーのスキルのコストに-[SL]

《ファミリアサポート》使い魔を2個以上携帯している場合有効、攻撃を行うサモナーのスキルの命中判定+1D
《ファミリアプラス》使い魔携帯時、所持している使い魔の効果を[選択した能力値を使用した判定の達成値に+3する]に変更する
《ファミリアマスタリー》《ファミリアレンド》使い魔携帯時、《ファミリアアタック》の判定に+1D、ダメージに+[SL*3]する

《アブソリュートフォース》《フォースブリンガー》5で取得可能、無属性の魔法ダメージを与えた場合、ラウンド終了まで対象の行動値に-5する
《グレートサモナー》《ハイサモナー》1で取得可能。効果をダイスで求める魔法攻撃、HP回復、MP回復、ダメージ増加、ダメージ軽減を行うサモナーのスキルの効果+1D",,,,,,,,,,,,,,
セージ,スーパーマスター：セージ,,パッシブ,,"《アトリビュート》攻撃の魔法ダメージが敵の対抗属性の時、ダメージに+[SL*4]
《エフィシエント》効果をダイスで求めるスキル、パワーに有効、HP回復、MP回復、ダメージ増加、ダメージ軽減を行う魔術の効果に+[SL*2]する
《エリュダイト》知力判定のダイスを増やす一般スキルの効果を「判定を+2Dする」に変更する
《コンコーダンス》《トゥルースサイト》エネミー識別をの範囲を視界内の全体に拡大、成功した時、物理防御と魔法防御も知ることが出来る
《ハイウィズダム》知力判定の達成値に+[SL*2]する
《バイオロジー》取得する際にエネミーの分類を1つ選択、その分類のキャラクターに対してのダメージに+[SL*4]する
《ファインドアウト》隠密状態のキャラクターがシーンに登場している時、その事に気づくことが出来る

《ハイアトリビュート》《アトリビュート》5で取得可能、魔法ダメージが対象の対抗属性の場合攻撃のダメージに+[SL*5]する
《プレディクション》《アドバイス》5で取得可能、アドバイスの効果を「その判定に+2Dする」に変更する",,,,,,,,,,,,,,
ダンサー,スーパーマスター：ダンサー,,パッシブ,,"《ハードビート》HPが最大HPと同じ値の時に有効、攻撃のダメージに+(SL)D
《バトルステップ》《ステップ：~~~》の効果が持続中、攻撃の命中判定、回避判定、ダメージ+SL

《パフォーマンス》プリプレイ時に所持金が[敏捷*100]G増える",,,,,,,,,,,,,,
ニンジャ,スーパーマスター：ニンジャ,,パッシブ,,"《コンシールアタック》隠密時、攻撃の命中判定に+1D、ダメージに+(SL)Dする
《マーダースキル》命中判定でクリティカルした場合、さらにダメージに+[SL+1]Dする",,,,,,,,,,,,,,
バーサーカー,スーパーマスター：バーサーカー,,パッシブ,,"《アームズマスタリー：両》両手武器使用時、武器を使用した命中判定+1D
《アンガーウォー》両手武器使用時、対象が[逆上]を受けている時、白兵攻撃のダメージ+10
《コンフューズドファイト》敵2人以上とエンゲージしている時に有効、白兵攻撃のダメージに+[エンゲージしている敵キャラの数*2]する
《スピードスイング》両手武器使用時、装備している装備部位：両の行動修正に+[SL*3]する
《トゥーハンドグリップ》斧、打撃、槍装備時、装備部位：片の武器を装備部位：両に変更し攻撃力に+2する
《フリンジインパクト》《フリンジスイング》《フリンジゾーン》《フリンジマスタリー》
[狂戦士化]を受けている時、白兵攻撃でダメージを与えた場合[放心]を与える、白兵攻撃の命中判定+1D、白兵攻撃の命中判定でクリティカルした場合、さらにダメージ+2Dする、
ムーブアクション、メジャーアクション、マイナーアクションのスキルのコスト-1
《ワイルドアサルト》HPが最大HP未満の時、攻撃のダメージに+1Dする

《オーバーパワー》《バーサーク》1で取得可能、バーサークの効果を「攻撃のダメージを+[SL*3]」に変更する",,,,,,,,,,,,,,
バード,スーパーマスター：バード,,パッシブ,,"《アレグロ》呪歌判定の達成値に[SL*2]する
《シルバリィソング》呪歌判定に+1Dする

《バスカー》プリプレイ時に所持金が[精神*100]G増える",,,,,,,,,,,,,,
モンク,スーパーマスター：モンク,,パッシブ,,"《アームズマスタリー：格闘》武器を使用した命中判定に+1D
《アイアンフィスト》格闘使用時、武器攻撃のダメージに+[精神]する
《アディショナルブロウ》格闘使用時、白兵攻撃の対象がバッドステータスを受けていた場合、ダメージに+[SL*2]D
《モアタフネス》《マインドアデプト》《ハードマッスル》《レジストエレメンタル》最大HPに+[SL*5]、精神に+2、物理防御に+[SL*3]、魔法防御に+[SL*3]する
《メイスファイティング》タイミング：パッシブ以外の使用条件：格闘装備、格闘使用のモンクのスキルを打撃武器でも使用できる、ただしコストを+1する

《メタルマッスル》《ストロングスタイル》5で取得可能、格闘使用時、武器攻撃のダメージに+2Dする",,,,,,,,,,,,,,
レンジャー,スーパーマスター：レンジャー,,パッシブ,,"《アームズマスタリー：弓》武器を使用した命中判定に+1D
《スピードショット》弓、錬金銃、魔導銃使用時、装備している武器の行動修正が0未満の場合、0にする
《スレイヤー》取得する時にエネミーの分類を1つ選択、選択した分類のキャラクターに対する武器攻撃のダメージに+[SL*4]する
《ブラインドサイド》あなた及びあなたが所属しているギルドメンバーがエネミー識別の判定に成功したエネミーに対するダメージ+(SL)D",,,,,,,,,,,,,,
ブラックスミス,スーパーマスター：ブラックスミス,,パッシブ,,"《アームズマスタリー：打撃(BS)》武器を使用した命中判定に+1Dする。
《マジックブレイク(BS)》《アーマーブレイク(BS)》5で取得可能。あなたが使用する<アーマープレイク)の「効果」に「対象の《魔法防御力》に-10する」を追加する。

《スミスアデプト》武器強化(P70)と防具強化(P70)が価格の20%引き(端数切り上げ)で買えるようになる。
《クリスタルスミス》　　アームズクリスタルが価格の[SL×10]%引き(端数切り上げ)で買えるようになる。
《スロットスミス：盾》　スロットのある盾　が価格の[SL×10]%引き(端数切り上げ)で買えるようになる。スロットを追加する場合、その価格にも適用できる。
《スロットスミス：武器》スロットのある武器が価格の[SL×10]%引き(端数切り上げ)で買えるようになる。スロットを追加する場合、その価格にも適用できる。
《スロットスミス：防具》スロットのある防具が価格の[SL×10]%引き(端数切り上げ)で買えるようになる。スロットを追加する場合、その価格にも適用できる。
《プラシーズ》プリプレイにあなたの所持金が(《器用》×100]G増える。あなたの鍛冶屋としての収入を表わすスキル。",,,,,,,,,,,,,,
ウォーロード,スーパーマスター：ウォーロード,,パッシブ,,"《アームズロジック》取得時、武器の種別から1つ選択、選択した武器の命中判定+1D
《ウェポンバランス》装備部位：両の武器の命中修正、行動修正+SL
《オーバードライブ》《レイジング》、《バーサーク》の効果に「武器を使用した命中判定に+1Dする」を追加する
《クローズコンバット》自身が封鎖されている時、白兵攻撃のダメージに+2Dする
《ストームアタック》《スラッシュブロウ》の効果に+[SL*3]Dする
《ツインウェポン》武器を右手、左手にそれぞれ装備している時、その武器の命中修正、行動修正を合計して装備部位：双の一つの武器として扱う、攻撃力、射程はどちらを使用してもよい
《バーストスラッシュ》武器攻撃の命中判定でクリティカルした場合、そのダメージは対象の物理防御と魔法防御を0として計算する
《ハイボルテージ》武器攻撃のダメージに+[SL*4]する
《ファイティングロウ》命中判定の達成値に+[SL+1]する

《ハイパーゲイン》《スマッシュ》1で取得可能。武器攻撃のダメージに+[筋力]する。",,,,,,,,,,,,,,
ナイト,スーパーマスター：ナイト,,パッシブ,,"《ウェポンエキスパート》取得する際に武器の種別から1つ選択、その種別を使用した武器のダメージ+2D
《グラディエイト》武器の命中修正が0未満の時、0にする
《クローズシールド》自身が封鎖されているエンゲージにいる時、物理防御、魔法防御+5
《シールドホース》物理防御、魔法防御+[SL*2]
《シールドラッシュ》《ラッシュ》の効果に+[SL*4]する
《スタンドタフ》[スリップ]を受けない
《パーフェクトシールド》装備している盾の物理防御に+[SL*3]する
《ハイパーシールド》魔法防御に+[装備している盾の物理防御力]する
《パワーアーム》装備部位：両の武器を片手で装備できる。
《フィールドバトラー》騎乗状態でない時、命中判定の達成値と物理防御に+[SL+2]する
《ブーストダッシュ》移動力に+[SL*3]する
《マイティスラッシュ》白兵攻撃の命中判定に+2、ダメージに+[SL*3]する
《ライディング》あらゆる命中判定と回避判定に+1Dする

《インプラグナブル》《フォートレス》5で取得可能。物理防御、魔法防御に+[SL*3]する。
《サジタリウス》《ブーストダッシュ》5で取得可能。あらゆる判定の達成値に+[SL*2]する",,,,,,,,,,,,,,
パラディン,スーパーマスター：パラディン,,パッシブ,,"《クラッシュインパクト》あなたが与えるノックバックの強度+[SL]
《コマンドスタイル》あなたはウォーリア専用の装備を装備できるようになる
《ジャッジアタック》《バニシュパワー》命中判定の達成値に+[SL+2]、攻撃のダメージに+[SL*3]
《マイティストライク》取得時に武器の種別から1つ選択し、《ホーリーヒット》を選択した武器で使用可能にする。ただし、種別：打撃以外の武器を使用した場合、コストに+4
《レリギアス》物理防御、魔法防御に+[SL*2]

《レストレイション》《クイックヒール》1で取得可能。シーン終了時に自身のHPを[SL*10]点回復する
《エクソシズム》《バニシュパワー》5で取得可能。対象がアンデッド、妖魔、魔獣、魔族の時に攻撃のダメージに+[SL*5]する
《ハイパニッシャー》《パニッシャー》5で取得可能。《パニッシャー》の効果に+10する",,,,,,,,,,,,,,
プリースト,スーパーマスター：プリースト,,パッシブ,,"《ハイプロテクション》《プロテクション》の効果に+[5+SL*3]する
《プリペアード》自身が取得している《パリペイティア》の使用回数を[シーン2回]に変更する
《ライトバースト》《ホーリーライト》と《ディバインライト》の魔術判定に+1D、ダメージに+[SL*4]する。

《バリア》《ハイプロテクション》5で取得可能。あなたはメインプロセスで複数回行われる攻撃に対して1回ずつ[プロテクション]を使用できるようになる。
《ホロウライト》《ライトバースト》5で取得可能。《ホーリーライト》と《ディバインライト》のダメージに+[SL*4]する。
《ラース》《ビジテイション》5で取得可能。あなたが使用する《ビジテイション》の効果に+[SL*2]し、さらに対象の分類に関わらず有効にする。",,,,,,,,,,,,,,
ウィザード,スーパーマスター：ウィザード,,パッシブ,,"《マジックエクスペリエンス》魔術判定の達成値に+[SL+1]する。
《マジックエッジ》《マジックフォージ》の効果に+[SL*3]Dする。
《ミッドナイトサン》光か闇属性の魔法攻撃に有効。魔法攻撃のダメージに+[SL*5]する

《マスターマジック》《マジシャンズマイト》1で取得可能。魔法攻撃のダメージに+[SL*5]する。
《マテリアルコンポーネントⅡ》《マテリアルコンポーネント》1で使用する。使用する宝石を「高級～～」にすることで効果を「魔法ダメージに+[2+《SL》D」、「最高級～～」にすることで「魔法ダメージに+8D」に変更する。
《ダブルフェイズ》《ミッドナイトサン》5で取得可能。光属性か闇属性のダメージを与える攻撃で、1点でもHPダメージを与えた場合、ラウンド終了まで対象の魔法防御に-10する。",,,,,,,,,,,,,,
ソーサラー,スーパーマスター：ソーサラー,,パッシブ,,"《アンプリフィケイション》魔法攻撃のダメージに+[SL*4]する
《ソウルスティール》　あなたがスキル、パワー、アイテムの効果によって[放心]を与えた時に有効。[放心]を受けたキャラクターはリアクションの判定にも-1Dする
《デモンズウェブ》　　あなたがスキル、パワー、アイテムの効果によって[スリップ]を与えた時に有効、[スリップ]を受けたキャラクターはあらゆる判定に-1Dされる
《パラライズチェイン》あなたがスキル、パワー、アイテムの効果によって[スタン]を与えた時に有効、[スタン]を受けたキャラクターが行う判定に-(SL)Dする

《ハイエキスパート》《エキスパート》の効果に「魔法攻撃のダメージに+2Dする」を追加する。
《アグレッシブマジック》《コンデンス》5で取得可能、魔法攻撃のダメージに+[SL*3]する",,,,,,,,,,,,,,
エクスプローラー,スーパーマスター：エクスプローラー,,パッシブ,,"《インテュイション》[敏捷]判定に+1Dする。
《クイックムーブ》行動値と移動力に+[SL*2]する
《ゴーストアタック》《ピアシングストライク》の効果に+(SL)Dする
《ダガーアーツ》回避判定の達成値に+[SL+2]する
《ツインフェンサー》《デスゲイル》武器を使用した命中判定に+1D、達成値に+[SL+2]する。
《ボーパルアーツ》武器攻撃のダメージに+[SL*5]する。

《マジックカット》《ナイフパリー》が魔法ダメージに対しても有効になる
《ラビットハンド》《スペシャライズ》1で取得可能。《スペシャライズ》で選択した武器を使用した武器攻撃のダメージに+[敏捷]する
《アクセルヒット》《クイックムーブ》5で取得可能、白兵攻撃のダメージに+[SL*4]する。
《トップギア》《デスブレイド》5で取得可能、《デスブレイド》の効果に+[SL*10]する。",,,,,,,,,,,,,,
スカウト,スーパーマスター：スカウト,,パッシブ,,"《アキュレイト》器用判定に+1D
《ストレイトショット》《マークスマン》射撃攻撃を行う武器を使用した命中判定に+1D、ダメージ+[SL*5]する。
《スピリットブレイク》《フォーチュンショット》武器攻撃のダメージに+(SL)D、+[幸運]する

《レストリクトアタックⅡ》《レストリクトアタック》で与えるバッドステータスの効果強度に+SLする
《インセンサブル》《シャドウストーク》1で取得可能。敵キャラクターがエンゲージしていても隠密状態になることが出来る。
《デッドリーポイズン》《インベナム》1で取得可能。あなたが与える[毒]の効果強度に+SLする
《ニンブルスティール》《スティール》1で取得可能。《スティール》で行うドロップ品決定ロールに+1Dする。さらに《スティール》の効果を「武器攻撃のダメージロールの直後」に変更する
《デッドショット》《マークスマン》5で取得可能。射撃攻撃のダメージに+[SL*4]する
《ブロブポイズン》《デッドリーポイズン》5で取得可能。あなたが[毒]を与えた場合、その[毒]はスキルで回復できない。さらに、あなたが与える[毒]の効果強度をさらに+SLする",,,,,,,,,,,,,,
エクセレント,スーパーマスター：エクセレント,,パッシブ,,"《インバイオアビリティ》危険感知と回避判定の達成値+[SL+1]
《ウィルセーフ》「クリティカル：コスト0」のスキルがクリティカルしたとき、MPを[SL*5]点回復する
《エクセレントギフト》《幸運》に+2
《ゴッドノウズ》フェイトを1点消費。あなたが行なう判定の直後に使用する。その判定の達成値に+[SL×2]する。

《エクセレントラック》プリプレイに所持金が[《幸運》*100]G増える",,,,,,,,,,,,,,
サイバーオーガン,スーパーマスター：サイバーオーガン,,パッシブ,,"《インプラントウェポン》「種別：内蔵」のアイテムを購入できる。これによって購入したアイテムは自身のみ装備、使用できる。
《サイバーアイ》《感知》に+1し、[暗闇]のペナルティを受けなくなる
《ハードワイヤード》取得時に《幸運》以外の能力値を1つ選択する。その能力値を+2し、《幸運》を-1する。
《メタライズ：ヘッド》【物理防御力】と【魔法防御力】に+2し、攻撃の命中判定の達成値に+[SL+1]する。ただし、あなたは「装備部位：頭部」のアイテムを装備できない。
《メタライズ：リム》【物理防御力】と【魔法防御力】に+2し、武器攻撃のダメージに+[SL×2]する。ただし、あなたは「装備部位：補助防具」のアイテムを装備できない。
《メタライズ：ボディ》《物理防御力》に+[SL×4]し、《最大HP》に+10する。ただし、あなたは「装備部位：胴部」のアイテムを装備できない。

《アンチショックコート》(メタライズ：～～1で取得可能。《物理防御力》に+[SL2]し、《行動値》にー2する。
《アンチマジックコート》(メタライズ：～～1で取得可能。あなたの《魔法防御力》に+[SL×2]し、回避判定の達成値に-2する。
《ヘヴィメタライズ》(メタライズ：～～5で取得可能。あなたの【物理防御力】と【魔法防御力】に+4する。また、あなたの《行動値》に-2する。",,,,,,,,,,,,,,
ハッカー,スーパーマスター：ハッカー,,パッシブ,,"《ペインエディター》魔法攻撃の対象がバッドステータスを受けている場合、与えるダメージが[SL*3]
《ベクトルアーマー》《マインドセキュリティ》UMD装備時、物理防御に+SL、魔法防御に+[SL*2]、知力、精神+1",,,,,,,,,,,,,,
グラディエーター,スーパーマスター：グラディエーター,,パッシブ,,"《アームズマスタリー(グラディエーター)》取得する際に武器の種別からひとつ選択、選択した武器を使用した命中判定に+1Dする。
《エキサイトバトル》白兵攻撃のダメージに+[(SL)D]する。
《サバイブ》《テクニカルガード》《フットワーク》「装備部位：頭部、胴部」の防具を装備していない時に有効。
《物理防御力》に+[SL×2+5]、《魔法防御力に+[SL]、装備している「種別：盾」の「物理防御力」に+CL、回避判定の達成値に+[SL+1]し、白兵攻撃のダメージに+[SL×3]する。
《ナローシェイブ》武器攻撃の対象が2体以上の時に有効。その攻撃のダメージに+[(SL)D]する。
《アンブレイカブルボディ》《サバイブ》5で取得可能。「装備部位：頭部、胴部」のアイテムを装備していない時に有効。【物理防御力】と【魔法防御力】に+CLする。
《アンリミテッドマインド》《アップリフト》5で取得可能。《アップリフト》の「あなたが行なうリアクションの判定に-1Dする」という効果を受けない。

《プロモーター》プリプレイにあなたの所持金が[《筋力》×100]G増える。",,,,,,,,,,,,,,
シャーマン,スーパーマスター：シャーマン,,パッシブ,,"《ハーミット》シャーマンのスキルを使用した判定の達成値に+[SL+1]する。
《プリセプト：アンアーム》武器を装備していない時に有効。《物理防御力》を+[SL×3]する。あなたが武器を装備した場合、このスキルの効果はシナリオ終了まで失われる。
《プリセプト：デバウト》《魔法防御力》を+[SL×2]する。あなたがシャーマンのスキル以外の魔術を使用した場合、このスキルの効果はシナリオ終了まで失われる。
《プリセプト：テンパランス》あなたが使用するシャーマンのスキルのコストを-[SL+1](最低1)する。あなたが「種別：ポーション」のアイテムの効果を受けた場合、このスキルの効果はシナリオ終了まで失われる。
《プリセプト：ネイキッド》取得する際に「頭部、胴部」からひとつ選択、魔法攻撃のダメージに+[SL×3]する。あなたが選択した「装備部位」の防具を装備した場合、このスキルの効果はシナリオ終了まで失われる。
《ソウルブレイカー》(デイメア》1で取得可能。《デイメア》のダメージに+[SL×3]する。
《リジッドプリセプト》いずれかの《プリセプト：～～1で取得可能。取得する際に《プリセプト：～～》からひとつ選択、選択した《プリセプト：～～》を「SL上限：5」に変更する。
《シリアスディジーズ》《フラザイル》5で取得可能。あなたが使用する《フラザイル>の効果を「対象の【物理防御力】と【魔法防御力】を-[SL×5+5](最低O)する。この効果は対象がメジャーアクションで解除を宣言するか、シーン終了まで持続する」に変更する。",,,,,,,,,,,,,,
ドルイド,スーパーマスター：ドルイド,,パッシブ,,"《アキュートアーツ》攻撃の命中判定に使用する能力値を《感知》に変更する。
《センスエネミー》エネミー識別の判定に使用する能力値を《感知》に変更する。
《ドルイドマスター》《感知》判定の達成値に+[SL+1]する。
《アンチイビル》攻撃のダメージに+[SL+2]する。また、その攻撃の対象が「分類：妖魔、魔獣、魔族」の場合、さらにダメージに+SLする。
《ハンターアーツ》「装備部位：片」の武器をひとつ装備し、他に武器も盾も装備していない時に有効。攻撃のダメージと《物理防御力》に+[SL×2]、《魔法防御力》に+SLする。
《マスターアーツ》(ハンターアーツ>5で取得可能。《ハンターアーツ》の効果を受けている時、あなたが取得しているドルイドのスキルの「効果」に書かれている「分類：妖魔、魔獣、魔族」という制限をなくし、あらゆる分類のエネミーに適用可能となる。",,,,,,,,,,,,,,
バイキング,スーパーマスター：バイキング,,パッシブ,,"《スイミング》《セルフプライド》《ダイビング》
游泳時、《移動力》に+[SL×5]、武器攻撃のダメージに+[(SL)D]する。【物理防御力】と【魔法防御力】に+[SL×2]する。

《フレンドシップ》ギルドメンバーとエンゲージしている時に有効。エンゲージしているギルドメンバーひとりにつき、あなたが行なう白兵攻撃のダメージに+2する。
《ボーディング》(ゴーサイン》1で取得可能。あなたが使用する《ゴーサイン》の「効果」に「その移動では対象の《移動力》に+[SL×5]する」を追加する。
《アドミラル》(キャプテン5で取得可能。あなたが使用する《キャプテン>と(シンクロナイズ>を「対象：範囲(選択)」に変更する。
《セイラーソウル》(フックアップ>5で取得可能。ギルドメンバーとエンゲージしている時に有効。(フックアップ>の「効果」を「あなたが行なう判定の直前に使用する。その判定の達成値に+[SL+あなたとエンゲージしているギルドメンバーの人数×2]する」に変更する。

《ミートディッシュ》使用するにく(『R1」P177)の効果に+[(SL)D]する。
《アウトセル》アイテムを売却する際、通常の売却価格(アイテムならば価格の半分、ドロップ品であれば記載されている金額)の10%増し(端数切り捨て)で売ることができる。",,,,,,,,,,,,,,
ヒーラー,スーパーマスター：ヒーラー,,パッシブ,,"《ハーバルロア》効果をダイスで求めるアイテムに有効。「種別：ポーション」のアイテムの効果に+[SL×2]する。
《バシネイション》使用する際にバッドステータスからSL個以下を選択、所持金を[選択したバッドステータスの数×50]G消費。対象は選択したバッドステータスを受けない。
《メディカルマスタリー》あなたが使用するヒーラーのスキルの判定のダイスに+[(SL)]Dする。あなたがヒーラーとしての技術に長けていることを表わすスキル。

《プリザーベイション》(スペシャルエッグ》5か《スペシャルドリンク》5で取得可能。(スペシャルエッグ>(スペシャルドリンク>で選択できるルネスエッグ：～～とルネスドリンク：～～の数を、それぞれ+5する。ただし、取得していないスキルのアイテムを取得することはできない。

《レギュラー》「種別：ポーション」のアイテムが価格の10%引き(端数切り上げ)で買えるようになる。",,,,,,,,,,,,,,
カンナギ,スーパーマスター：カンナギ,,パッシブ,,"《チャームマスタリー》効果をダイスで決めるアイテムに有効。HP回復、MP回復、ダメージ増加、ダメージ軽減を行う「種別：呪符」のアイテムの効果に+[SL×2]する。

《ゴッドボディ》《ホーリーボディ》5で所得可能。あなたが使用するホーリーボディは対象の種別にかかわらず効果を発揮する。
《パンテノン》《コールゴッド：～～》5で取得可能。《コールゴッド：～～》を取得している場合でも、別の《コールゴッド：～～》を取得することが可能になる。

《ドネーション》プリプレイに所持金が+[《幸運》×100]G増える。",,,,,,,,,,,,,,
チューシ,スーパーマスター：チューシ,,パッシブ,,"《エレメンタルシェフ》取得する際に属性からひとつ選択、選択した属性の魔法ダメージを与える攻撃のダメージに+1Dする。
《シェフズハンド》《器用》判定の達成値に+[SL*2]する。
《ジャストイーティング》効果がシーン終了まで持続する「種別：料理」のアイテムの効果を受けている時に有効。攻撃のダメージに+[SL*2]する。
《フードマスタリー》効果をダイスで求める、または「+n」のような数値で表わしているアイテムに有効。HP回復、MP回復、ダメージ増加、ダメージ軽減、達成値への修正を行なう「種別：料理」のアイテムの効果に+1する。
《フードレシピ》HP回復、MP回復を行う「種別：食糧、料理」のアイテムの効果に+[SL×2]する。
《マスターシェフ》あなたが使用するHP回復を行なう「種別：料理」のアイテムの「効果」に「使用者が受けているバッドステータスすべてを回復する」を追加する。

《エレメンタルシェフⅡ》《エレメンタルシェフ》1で取得可能。あなたが《エレメンタルシェフ》で選択した属性の魔法ダメージを与える魔法攻撃で1点でもHPダメージを与えた場合、その攻撃の対象の《魔法防御力》に-5(最低0)する。この効果はラウンド終了まで持続する。
《イーティングナウ》《ジャストイーティング》5で取得可能。シーン終了まで効果が持続する「種別：食糧、料理」のアイテムの効果を受けている時に有効。攻撃の命中判定に+1Dする。
《コマンシャル》(ダムウェイター》5で取得可能。あなたが使用する《ダムウェイター》を「射程：視界」に変更する。
《フードアデプト》《フードアーマー》5か《フードファイト》5で取得可能。あなたが《フードアーマー》《フードファイト》を使用する時に有効。そのスキルの効果を算出する際、アイテムの「レベル」に+[SL+1]する。

《バーゲンマスタリー》「種別：食糧、料理」のアイテムが価格の10%引き(端数切り上げ)で買えるようになる。",,,,,,,,,,,,,,
バートル,スーパーマスター：バートル,,パッシブ,,"《アームズマスタリー》取得する際に「種別：長剣、弓」からひとつ選択、選択した武器を使用した命中判定に+1Dする。
《コンパニオンマスター》騎竜騎乗時、【物理防御力】と【魔法防御力】に+[SL×2]する。
《ポイントブランクショット》弓装備時、攻撃の対象との距離が5m以内の時に有効。射撃攻撃の命中判定の達成値に+SL、射撃攻撃のダメージに+[SL×3]する。
《イクストリアン》騎乗時、《敏捷》判定と《感知》判定の達成値に+2する。
《ライトニングライド》騎乗時、《行動値》と《移動力》に+[(SL×2)+2]する。
《ライドファイト》騎乗時、武器を使用した命中判定の達成値に+SL、ダメージに+[SL×2]する。
《ロデオ》騎乗状態で[スリップ]を受けても、騎乗状態が解除されない。また、[スリップ]を受けていても、騎乗状態になることができる。ただし、このスキルを取得しても[スリップ]を受けるし、[スリップ]によるダメージも受ける。
《ライドマスター》《ライドチャージ》5で取得可能。騎乗時、《ライドチャージ》を使用した武器攻撃の命中判定に+1Dする
《ライドマニューバ》《ライトニングライド》5で取得可能。騎乗時、回避判定に+1Dする。",,,,,,,,,,,,,,
ファランクス,スーパーマスター：ファランクス,,パッシブ,,"《アーマーアデプト》装備している防具ひとつにつき、攻撃のダメージに+SLする。「装備部位：全身」の防具を装備している場合、ふたつの防具を装備しているものとして扱う。
《アイアンアームド》《アイアンフット》《アイアンブロウ》装備している「装備部位：頭部、胴部、全身」の防具の「重量」が合計で12以上の時に有効。
《物理防御力》に+SL、《魔法防御力》に+[SL×2]、《移動力》に+[SL×3]する。あなたが行なう白兵攻撃の対象がバッドステータスを受けていた場合、ダメージに+[(SL)D]する。

《シールドワーク》装備している盾の「行動修正」が0未満の時に有効。その盾を「行動修正：±0」に変更する。
《ファランクススタイル》取得する際に能力基本値からひとつ選択、装備できる防具の重量制限を選択した能力基本値に変更する。
《ファランクスフォート》全身装備時、あなたのいるエンゲージが封鎖されている時に有効。【物理防御力】と【魔法防御力】に+[SL×3]する。
《ファランクスモード》「使用条件：全身装備」と記述されているファランクスのスキルを、装備している防具にかかわらず効果を発揮、使用することができる。
《パターンファイティング》《シールドパターン》1か《トゥーハンドパターン》1で取得可能。《シールドパターン>か《トゥーハンドパターン》の効果中に有効。武器を使用した命中判定の達成値に+SL、武器攻撃のダメージに+[SL×2]する。

《ファランクスアーツ》(ファランクススタイル》1で《筋力》《器用》《敏捷》のいずれかを選択することで取得可能。装備している「装備部位：頭部、胴部、全身」の防具の「重量」が合計で15以上の時に有効。武器攻撃のダメージに+[SL×3]する。
《ファランクススペル》(ファランクススタイル》1で《知力》《感知》《精神》《幸運》のいずれかを選択することで取得可能。装備している「装備部位：頭部、胴部、全身」の防具の「重量」が合計で15以上の時に有効。魔術判定の達成値に+[SL+1]、魔法攻撃のダメージに+1Dする。",,,,,,,,,,,,,,
フォーキャスター,スーパーマスター：フォーキャスター,,パッシブ,,"《グランドマスター》フォーキャスターのスキルに有効。あなたが使用するスキルのコストに-2(最低1)する。

《アウトプレイ》(タクティカルプレイ>5か(ポジショナルプレイ》5で取得可能。あなたが取得している《タクティカルプレイ》《ポジショナルプレイ>の「SL上限：5」を「SL上限：10」に変更する。
《スペシャルディスカバード》(ディスカバード：～～5で取得可能。あなたが取得している(ディスカバード：～～を「射程：視界」に変更する。",,,,,,,,,,,,,,
プリーチャー,スーパーマスター：プリーチャー,,パッシブ,,"《イミュニティ》取得する際にバッドステータスからひとつ選択、《イミュニティ：毒》のように記述する。あなたは選択したバッドステータスを受けなくなる。
《エンデュランス》《最大HP》と《最大MP》に+[SL×3]する。
《グリードフォース》《パワーシャウト》特殊攻撃の命中判定に+1D、ダメージに+[SL×3]する。

《マジックコントロール》(マジックフォース>5で取得可能。あなたが使用する《マジックフォース》の効果に「あなたが行なう魔術判定に+1Dする」を追加する。

《スピーチミーティング》プリプレイにあなたの所持金が[《知力》×100》G増える。",,,,,,,,,,,,,,
サロゲート,スーパーマスター：サロゲート,,パッシブ,,"《アームズマスタリー：召喚具》召喚具を使用した命中判定に+1Dする。
《アポスル：エージェント》《器用》判定と《敏捷》判定の達成値に+SLする。ただし、他の(アポスル：～～を取得できなくなる。
《アポスル：ソード》武器攻撃のダメージに+[SL×3]する。ただし、他の《アポスル：～～を取得できなくなる。
《アポスル：フレイム》《火》属性の魔法ダメージを与える攻撃に有効。攻撃のダメージに+[SL×3]する。ただし、他の<アポスル：～～》を取得できなくなる。
《アンリミテッドアームズ》マジックアイテム以外の武器に有効。あなたが装備している武器に「種別：召喚具」を追加する。ただし、その武器を装備から外すと、追加された「種別：召喚具」は失われる。
《イルミネントウェポン》召喚具装備時、あなたの存在するエリアの明度は常に4となる。また、あなたの存在するエリア内に「ブラックアウト」が設置されている場合、その「ブラックアウト」をすべて破壊する。ただし、あなたは隠密状態になることができない。
《ディバインキャスター》召喚具装備時、魔術判定の達成値に+[SL+1]する。
《ホーリーフェザー》召喚具装備時、飛行状態になる。この効果によって飛行状態となっている間、あなたは隠密状態になれない。「種別：召喚具」のアイテムを装備した際、効果を適用するか選択すること。このスキルの効果の適用と解除はムーブアクションで行なう。
《ホーリーベール》召喚具装備時、【物理防御力】と【魔法防御力】に+[SL×2]する。

《ライトキャスター》(ライトシュート1で取得可能。《光》属性の魔法ダメージを与える攻撃に有効。攻撃のダメージに+[SL×3]する。
《トゥルースマイト》(ホーリースマイト5で取得可能。《ホーリースマイト》の「効果」を「武器攻撃のダメージに+[SL×3+《精神]する」に変更し、攻撃の対象の「分類」にかかわらず効果を発揮するように変更する。",,,,,,,,,,,,,,
ルイネーター,スーパーマスター：ルイネーター,,パッシブ,,"《エングレイブド》プリプレイに[SL×3+1]点のEPを取得する。

《ダークネスキャスター》(ダークネスシュート1で取得可能。《闇》属性の魔法ダメージを与える攻撃に有効。攻撃のダメージに+[SL×3]する。
《アナザーライフ》(トランス：～～5で取得可能。《トランス：～～》を取得している場合でも、合計で[SL+1]個まで(トランス：～～)を取得することが可能となる。
《ブレイカーブランド》(エングレイブド》5で取得可能。取得する際に白兵攻撃、射撃攻撃、魔法攻撃からひとつ選択、選択した攻撃のダメージに+3Dする。ただし、《エングレイブド》で取得するEPが14点となる。",,,,,,,,,,,,,,
ガーデナー,スーパーマスター：ガーデナー,,パッシブ,,"《アルケミストサークル》錬金術判定に+1Dする。
《グリーンサム》効果をダイスで求める「分類：錬金術」に有効。攻撃、HP回復、MP回復、ダメージ増加、ダメージ軽減を行なうスキルの効果に+[SL×2]する。
《パワフルガーデン》攻撃の対象が《ガーデン：～～》の効果を受けている時に有効。武器攻撃のダメージに+[SL×3]する。
《ルートディビジョン》あなたが使用する(ガーデン：～～》を「対象：範囲(選択)」に変更する。
《マジシャンズガーデン》グリーンサム5で取得可能。あなたが《ガーデン：～～》の効果を受けている時に有効。あなたが取得している《グリーンサム》の「効果」を「効果をダイスで求める「分類：魔術、錬金術」に有効。攻撃、HP回復、MP回復、ダメージ増加、ダメージ軽減を行なうスキルの効果に+[SL×2]する」に変更する。",,,,,,,,,,,,,,
ハンター,スーパーマスター：ハンター,,パッシブ,,"《アームズマスタリー：狩猟》武器を使用した命中判定に+1Dする。ただし、複数の《アームズマスタリー：～～》を同時に適用できない。

《ハンターライフ》《ハンティング》と《フィッシング》の効果で回復する《HP》や《MP》に+[CL×5]する。戦闘になるほどでもない狩猟や釣りにおいても、優れた技術を持つことを表わすスキル。
《ハンティングマスタリー》「種別：猟具」のアイテムの効果による判定に+1Dする。猟具の扱いに熟練していることを表わすスキル。
《ワイルドパワー》【筋力基本値】【精神基本値】に+3する。
《グレートランク》《ハンティングセット1》で取得可能。「種別：猟具」のアイテムの効果による判定でクリティカルした時、そのアイテムの効果で与えたバッドステータスはスキルで回復できない。
《ユニークウェポン》《ハンターウェポン》5で取得可能。《ハンターウェポン》の効果で武器を選択する際にマジックアイテムも選択できる。ただし、そのマジックアイテムは、あなたのみ装備、使用することができる。

《テアーオフ》あなたがシーンに登場している時、ギルドメンバーが行なうドロップ品決定ロールに+1する。",,,,,,,,,,,,,,
ジェネラル,スーパーマスター：ジェネラル,,パッシブ,,"《ストロングポイント》あなたのいるエンゲージが封鎖されている時に有効。攻撃のダメージに+[(SL)D]する。
《トラッシュトーク》スキル、パワー、アイテムの効果によって《逆上》を与えた時に有効。その[逆上]を受けた、あるいはすでに[逆上]を受けていたキャラクターは《行動値》にも-10される。この効果は[逆上]が回復するまで持続する。
《ドレサージュ》騎乗時、ギルドメンバーが騎乗状態であなたと同じエンゲージにいる時に有効。白兵攻撃のダメージに+[《SL*2》D]する。
《フォーメーションコア》《フォーメーション：〜〜の効果中に有効。攻撃のダメージに+10する。ただし、あなた以外にひとり以上、《フォーメーション：〜〜の効果を適用していなければならない。
《ホースアーマー》騎乗時、【物理防御力】と【魔法防御力】に+[SL×2]する。
《マーチアライズ》リアクションの判定に+[SL+1]する。
《ウォーシップⅡ》ギルド所属時、あなたが《ウォーシップ》で選択したアイテムを装備しており、かつ隠密状態でない時に有効。ギルドメンバーの行なう命中判定に+1、攻撃のダメージに+1Dする。ただし、あなたには効果がない。",,,,,,,,,,,,,,
テイマー,スーパーマスター：テイマー,,パッシブ,,"《ウィップガード》鞭装備時、回避判定の達成値に+[SL+1]する。
《ウィップスラップ》鞭の武器攻撃のダメージに+[SL×3]する。
《スネイクビート》鞭の武器を使用した命中判定の達成値に+[SL+2]する。
《ビーストキラー》攻撃の対象が「分類：動物、魔獣、霊獣」の時に有効。その攻撃に対するリアクションの判定に-1D、ダメージに+[SL×3]する。

◆以下は、サーバント携帯時
《オーバーリーチ》射撃攻撃、および「射程：至近、視界、シーン」以外の「分類：魔術」の「射程」に+[SL×5]mする。射程がスキルやアイテムなどで変更されている場合、変更された射程にこのスキルを適用すること。
《サポートサーバント》命中判定の達成値に+[SL+2]する。
《シールドサーバント》【物理防御力】と【魔法防御力】に+[SL×3]する。
《ドッジサーバント》回避判定の達成値に+[SL+2]する。
《マジックサーバント》「分類：魔術」のスキルの「コスト」に-SL(最低1)する。
◆ここまで

《マリオネット》《マニピュレイト》の判定の達成値に+[SL+2]する。
《フライライド》《フライハイ》1《ライドオン》1で取得可能。《コールサーバント》を使用する際、《フライハイ》と《ライドオン》を同時に使用することができる。
《ウィップクラッシュ》《ウィップスラップ》5で取得可能。武器攻撃のダメージに+[SL×3]する。
《パペットショウ》《マリオネット》5で取得可能。《マニピュレイト》の判定に+2Dする。",,,,,,,,,,,,,,
ドラグーン,スーパーマスター：ドラグーン,,パッシブ,,"《エレメンタルパワー》取得する際に属性からひとつ選択せ。属性の魔法ダメージを与える攻撃攻撃のダメージに+[SL×4]する。
《ドラゴンバスター》攻撃の対象が「分類：竜、妖魔、魔族」の時に有効。その攻撃に対するリアクションの判定に-1D、ダメージに+[SL×3]する。
《ドラゴンファクター》《エンハンスブレス》の効果中に有効。取得している《アースブレイカー》《ウォーターマスター》《エアリアルセイバー》《ファイアロード》《ミッドナイトサン》の「効果」の「魔法攻撃」を「攻撃」に変更する。
《バトルブレイン》武器攻撃の命中判定に使用する能力値を《知力》に変更する。

《エンシェントソウル》《ドラゴンソウル》5で取得可能。《ドラゴンソウル》の「効果」の「判定に+1Dする」を「判定に+2Dする」に変更する。
《エンシェントレジェンド》《レジェンド》5か《レジェンドプラス》5で取得可能。《レジェンド》と《レジェンドプラス》の「SL上限：5」を「SL上限：10」に変更する。
《フェイタルバスター》《グランドバスター》5で取得可能。《グランドバスター》を使用しても《エンハンスブレス》の効果が解除されなくなる。また、《グランドバスター》の「使用条件：シーン1回」を「使用条件：シーン[《フェイタルバスター》のSL+1]回」に変更する。",,,,,,,,,,,,,,
ハイランダー,スーパーマスター：ハイランダー,,パッシブ,,"《アブストラクターマスタリー》魔導剣使用時、武器を使用した命中判定に+1Dする。
《インビジブルエッジ》魔導剣使用時で隠密時、武器攻撃のダメージに+[SL×4]する。
《ホースマンズエッジ》魔導剣装備時で騎乗時、武器を使用した命中判定の達成値に+[SL+1]、ダメージに+1Dする。
《マジシャンズエッジ》魔導剣装備時、魔術判定の達成値に+[SL+2]する。",,,,,,,,,,,,,,
バンガード,スーパーマスター：バンガード,,パッシブ,,"《ゴールドアドベンチャー》トラップによって受けるHPロス、MPロスに-10《最低1》する。
《シューターハンド》射撃攻撃のダメージに+5、「射程」に+10mする。
《ストームラン》装備している「移動修正」が±0以上の防具ひとつにつき、《行動値》に+2する。この時に「装備部位：全身」の防具を装備している場合、ふたつ装備しているものとして扱う。
《ドッジマスター》防具を装備していないか、装備している防具の「回避修正」がすべて±0以上の時に有効。回避判定の達成値に+[SL+1]する。防具を装備していない場合、さらに《移動力》に+5する。
《ハンドリング》取得する際に武器の「装備部位」からひとつ選択、選択した「装備部位」の武器を使用した命中判定の達成値に+[SL+1]する。選択した装備部位ごとに別のスキルとして扱う。
《フェイバリットウェポン》取得する際に武器の「種別」からひとつ選択、選択した「種別」の武器を使用した武器攻撃のダメージに+[SL×3]する。
《フェザーステップ》装備している防具の「回避修正」が0未満の時に有効。その防具の「回避修正」を±0に変更する。この効果は、あなたが装備している防具すべてに適用すること。
《ポイズンストライク》あなたが与える[毒][ノックバック]の効果強度に+SLする。

《ドッジマスターⅡ》《ドッジマスター》1で取得可能。あなたが防具を装備していないか、装備している防具の「回避修正」がすべて±0以上の時に有効。攻撃のダメージに+[SL×3]する。防具を装備していない場合、さらに《行動値》に+5する。
《ハンドリングⅡ》ハンドリング》1で取得可能。《ハンドリング》で選択した「装備部位」の武器を装備している時に有効。《物理防御力》に+[S×3]、《魔法防御力》に+[SL×2]する。
《フェイバリットウェポンⅡ》《フェイバリットウェポン》1で取得可能。《フェイバリットウェポン》で選択した「種別」の武器を装備している時に有効。《行動値》に+[SL×3]する。
《スーパードッジ》《ドッジマスター》5で取得可能。あなたが防具を装備していないか、装備している防具の「回避修正」がすべて±0以上の時に有効。回避判定の達成値に+[SL×2]する。
《ブルーバード》《ハントアップ》5で取得可能。あなたがシーンに登場している時、あなたとあなたが所属しているギルドのギルドメンバーが行なうドロップ品決定ロールに+1Dする。",,,,,,,,,,,,,,
プロフェッサー,スーパーマスター：プロフェッサー,,パッシブ,,"《アーマーブースト》【物理防御力】と【魔法防御力】を増加する「分類：魔術」の効果に+[SL×3]する。
《アタックブースト》ダメージ増加を行う「分類：魔術」の効果に+[SL×3]する。
《エレメントエキスパート》取得する際に属性からひとつ選択、《エレメントエキスパート：地》のように記述する。選択した属性の魔法ダメージを与える魔法攻撃に有効。魔法攻撃のダメージに+2Dする。選択した属性ごとに別のスキルとして扱うが、複数の《エレメントエキスパート：〜〜》を取得することはできない。
《シールドブースト》効果をダイスで求めるスキル、パワーに有効。ダメージ軽減を行なう「分類：魔術」の効果に+[SL×3]する。
《スピードブースト》効果をダイスで求めるスキル、パワーに有効。行動値増加、行動値減少を行なう「分類：魔術」の効果に+[SL×3]する。
《ハイドマジック》隠密時、魔法攻撃のダメージに+3Dする。
《パワーブースト》プリプレイに魔法攻撃を行なう「分類：魔術」からひとつ選択、選択した「分類：魔術」を使用した魔法攻撃のダメージに+[SL×3]する。
《ヒールブースト》効果をダイスで求めるスキル、パワーに有効。HP回復、MP回復を行なう「分類：魔術」の効果に+[SL×5]する。
《ポイズンアップ》「分類：魔術」で与えるバッドステータスの効果強度に+SLする。効果強度のないバッドステータスには効果がない。
《マジックストライク》1回の魔法攻撃でひとりのキャラクターのみを対象としている時に有効。魔法攻撃のダメージに+[《SL》D]する。
《マジックスペシャリスト》「分類：魔術」のスキルのコストにーSL《最低1》する。
《マジックチェイス》あなたが行なう魔法攻撃の対象がバッドステータスを受けていた場合、その攻撃のダメージに+[《SL×2》D]する。
《マジックハンド》魔術判定に+1Dする。
《マナスタッフ》両手打撃装備時、効果をダイスで求める「分類：魔術」に有効。魔法攻撃、HP回復、MP回復、ダメージ増加、ダメージ軽減を行なう「分類：魔術」の効果に+[SL×2]する。
《マナソード》短剣.長剣.両手剣装備時、魔法攻撃のダメージに+[《SL+1》D]する。ただし、あなたが使用する「分類：魔術」「射程：〜〜m」のスキルの「射程」に-10m《最低5m》する。
《マナロッド》片手打撃装備時、魔術判定の達成値に+[SL+2]する。
《ワイドマジック》魔法攻撃の対象が2体以上の時に有効。魔法攻撃の命中判定の達成値に+[SL×2]する。",,,,,,,,,,,,,,
メンター,スーパーマスター：メンター,,パッシブ,,"《アレンジ》取得した際、「SL上限：3、5」のスキルからひとつ選択する。選択したスキルの「SL上限」に+1する。
《エレメンタルマスター》メイジ、およびその上級クラスと運命クラスの「分類：魔術」の魔術判定に+1Dする。
《コーデックスアビリティ》コーデックス携帯時、取得した際に能力値ふたつを選択する。選択した能力値に+1する。
《セイントアーム》アコライト、およびその上級クラスと運命クラスのスキル、パワーによる武器攻撃と魔法攻撃のダメージに+[SL×3]する。
《トゥーハンドバッシュ》両装備時、装備している武器の「攻撃力」に+[SL×2]する。
《ベノムストライク》あなたが与える《毒》の効果強度に+SLする。
《ワイドスラッシュ》武器攻撃の対象が2体以上の時に有効。武器攻撃の命中判定に+1Dする。
《グレネードランチャー》錬金銃装備時、アルケミストの《ガンスミス》1で取得可能。投射のみ可能な「種別：錬金術」の武器を装備していなくても使用することができる。また、その武器の投射による「射程」を、装備している「種別：錬金銃」の「射程」に変更、ダメージに+[(SL)D]する。
《サイレントアサシン》隠密時、レンジャーの《ディスアピア》1で取得可能。武器攻撃の命中判定に+1D、ダメージに+[(SL)D]する。
《サモンマスター》サモナーの《サモン・〜〜》1で取得可能。効果をダイスで求めるスキルに有効。魔法攻撃、HP回復、MP回復、ダメージ増加、ダメージ軽減を行なうサモナーのスキルの効果に+[SL×2]する。
《モータルマジック》ニンジャの《マーダースキル》1で取得可能。魔法攻撃の命中判定でクリティカルした場合、その攻撃のダメージに+[SL×10]する。",,,,,,,,,,,,,,
ルーンマスター,スーパーマスター：ルーンマスター,,パッシブ,,"《アビリティルーン》プリプレイに能力値からひとつ選択、選択した能力値に+2する。
《リーンフォースルーン》《アースルーン》《ウォータールーン》《エアリアルルーン》《ダークルーン》《ファイアルーン》《ブライトルーン》の効果中に有効。攻撃のダメージに+[SL×3]する。
《エレメントルーンⅡ》エレメントルーン》1で取得可能。《エレメントルーン》の効果に、「この効果を適用した武器を使用した武器攻撃のダメージに+1Dする」を追加する。ひとつの武器に複数の《エレメントルーン》を使用した場合、効果は重複する。",,,,,,,,,,,,,,
チェイサー,スーパーマスター：チェイサー,,パッシブ,,"《アサシネイション》攻撃の命中判定でクリティカルした場合、ダメージに+《敏捷》する。敵の急所を素早くつき、攻撃の威力を上げるスキル。
《クールネス》バッドステータスを受けている時に有効。判定の達成値に+[SL+1]する。危機的状況になった時、冷静に対処できることを表わすスキル。追い込まれた時こそ、あなたは真価を発揮する。
《サイレントキル》武器攻撃のダメージに+[SL×4]する。察知させることなく、標的をしとめることに長けていることを表わすスキル。
《ベノムダウン》あなたがスキルやアイテム、パワーの効果によって《毒》を与えた時に有効。その[毒]を受けた、あるいはすでに[毒]を受けていたキャラクターは《物理防御力》に-10される。この効果は[毒]が回復するまで持続する。強烈な苦痛を与える毒を用いて、敵を弱らせるスキル。対象：自身コスト：-
《サブシステンス》《ナロウエスケープ1で取得可能。《ナロウエスケープ》の「効果」に「あなたが受けているバッドステータスをすべて回復する」を追加する。窮地を潜り抜ける際、自分にとって害悪となる要因を排除するスキル。
《ベノムバイト》《ベノムスプレー》5で取得可能。あなたが与える[毒][ノックバック]の効果強度に+SLする。-度受ければ死にいたる、必殺の毒を用いるスキル。",,,,,,,,,,,,,,
センセイ,スーパーマスター：センセイ,,パッシブ,,"《アナザースタイル》あなたは《スタイル：〜〜》をふたつまで取得することが可能となる。
《アビリティアデプト》取得する際に能力値からひとつ選択する。選択した能力値に+[SL+1]する。
《コンシールマーダー》《コンシールアタック》1で取得可能。隠密時、攻撃の命中判定に+1D、ダメージに+[SL×4]する。
《シャドウストリーム》《イメージボディ》の効果中に有効。攻撃のダメージに+《敏捷》する。
《セイクリッドフォーム》《セイクリッドダンス》の効果中に有効。攻撃のダメージに+《幸運》する。
《ナインシンボル》<ハンドシンボル：〜〜の効果中に有効。魔法攻撃のダメージに+[SL×3]する。
《ライドダブル》騎竜騎乗時、あなたが騎乗している「種別：乗物」の同乗者が行なうすべての判定に+2する。
《ソウルドライブ》《ボディドライブ》の効果中に有効。《移動力》に+[SL×5]、武器を使用した命中判定の達成値に+2する。",,,,,,,,,,,,,,
ロード,スーパーマスター：ロード,,パッシブ,,"◆バトルスペシャリスト以外は、ギルドサポート前提なので、ギルドサポートがない場合はほぼないものと扱ってください
《アーチエネミーハンター》《宿敵》の「効果」の「命中判定の達成値+2、ダメージに+3する」を「命中判定の達成値に+3、ダメージに+5する」に変更する。
《ガーディアンライト》《守護の光》の「効果」の「受けるHPダメージに-20する」を「受けるHPダメージに-30する」に変更する。
《ガードマスター》ギルド所属、《精鋭部隊》か《防衛部隊>を選択している時に有効。ギルドメンバー全員の【最大HP】と【最大MP】に+[SL×2]、【物理防御力】と【魔法防御力】に+[SL+1]する。
《カジノキング》ギルド所属、《カジノ》か《カジノⅡ》を使用した際、ギルドメンバーが振る2Dのダイス目に+1する。この効果でダイス目は13にならない。
《ギルドスローン》ギルド所属、《GH：ギルドキャッスル》を選択している時に有効。ギルドメンバーはシナリオ中に1回ずつ、ダイスロールの振り直しができる。
《クイックコール》《緊急招集》が戦闘前にも使用可能となる。
《グラウンドワーク》《偽装情報》によって偽装した情報を暴こうとする場合に必要の難易度を+[SL×2]する。
《グレートクレスト》《紋章》で選択した属性の対抗属性を持つキャラクターを対象としたあらゆるダメージに+[SL×3]する。
《スーパーコック》ギルド所属、《料理人》を選択している時に有効。効果をダイスで求めるアイテムに有効。ギルドメンバー全員が使用する「種別：食糧、料理」のアイテムの効果を+[SL×2]する。
《スタンドアップ》《最後の力》によるフェイトの回復に+1点する。
《スピードマスター》ギルド所属、《偵察部隊》か《高機動部隊》を選択している時に有効。ギルドメンバー全員が行なう危険感知、トラップ探知、エネミー識別、および情報収集の判定の達成値に+[SL+1]、《行動値>に+SLする。
《スペシャルトレーナー》《修練》で選択した能力値の判定の達成値に+[SL+1]する。
《チームピボット》ギルド所属、《土気高揚》を選択している時に有効。ギルドメンバー全員が行なう命中判定と回避判定の達成値に+SLする。
《チェンジデスティニー》《運命の手》の「使用条件：シナリオ1回」を「使用条件：シナリオ2回」に変更する。
《ドロップアップ》ギルド所属、《目利き》を選択している時に有効。ギルドメンバーが行なうドロップ品決定ロールに+SLする。
《パイアスロード》ギルド所属、《命の滴》と《命の泉》の効果に+[SL×5]する。さらに《命の滴》と《命の泉》の効果に「ギルドメンバーが受けているバッドステータスをすべて回復する」を追加する。
《ハウスオペレート》ギルド所属、《GH：ギルドハウス》を選択している時に有効。ギルドメンバーが行なう攻撃のダメージに+[SL×2]する。
《バトルシミュレート》ギルド所属、《GH：モデルルーム》か《GH：ライブラリー>を選択している時に有効。ギルドメンバーが行なう攻撃のダメージに+1Dする。
《ハーブガーデン》ギルド所属、《薬剤師》か《GH：ガーデン》を選択している時に有効。ギルドメンバー全員が使用する「種別：ポーション」のアイテムの効果に+[SL×2]する。HP回復、MP回復、対象にダメージロールを行なってダメージを与えるアイテムのみ効果がある。
《ヒーリングハウス》ギルド所属、《GH：クアハウス》か《GH：サルーン》を選択している時に有効。ギルドメンバーが使用するHP回復、MP回復を行なうスキル、パワー、アイテムの効果に+[SL×5]する。効果をダイスで求めるもののみ効果がある。
《ファストデストロイ》《破壊の光》がイニシアチブプロセスにも使用可能となる。
《ポピュラリティ》ギルド所属、《名声》を選択している時に有効。ギルドメンバーが行なう【精神】判定の達成値に+[SL×2]、【魔法防御力】に+[SL×2]する。
《マジカルディレクター》ギルド所属、《研究資料》を選択している時に有効。ギルドメンバー全員が行なう、魔術判定、呪歌判定、錬金術判定の達成値に+[SL+1]する。
《ムーブオーダー》《陣形》の「使用条件：シナリオ3回」を「使用条件：シナリオ4回」に変更する。
《ラッシュマスター》ギルド所属、《駿足部隊》か《突撃部隊>を選択している時に有効。ギルドメンバー全員の【移動力】に+[SL+1]、武器攻撃、魔法攻撃によるダメージに+[SL×2]する。
《ロードサポーター》ギルド所属、《援助金》を選択している時の、ミドルフェイズに有効。ギルドメンバーが行なうあらゆる判定の達成値に+1する。

《バトルスペシャリスト》《ガードマスター》5か《スピードマスター>5か《ラッシュマスター>5で取得可能。あなたが取得している《ガードマスター》《スピードマスター》《ラッシュマスター》のSLと「SL上限」に+2する。",,,,,,,,,,,,,,
アギオス,スーパーマスター：アギオス,,パッシブ,,《ホーリーサイン》「種別：召喚具」の武器を装備している時に有効。攻撃のダメージに+3、【物理防御力】と【魔法防御力】に+3する。,,,,,,,,,,,,,,
コンカラー,スーパーマスター：コンカラー,,パッシブ,,"《コンカラーポーチ》あなたの携帯品の重量制限を+[SL×10]する。
《ストーンクラフター》獣王石《P382》を購入する時、ドロップ品で直接支払うことができるようになる。この時、ドロップ品の金額を2倍にして計算すること。ただし、ドロップ品の合計額が獣王石以上となっても、差額が戻ってくることはない。",,,,,,,,,,,,,,
ドレッドノート,スーパーマスター：ドレッドノート,,パッシブ,,"《武技の極致》取得する際に武器の「種別」からひとつ選択せよ。《武技の極致：長剣》のように記述し、選択した「種別」の武器を使用した白兵攻撃のダメージに+[SL×7]する。ただし、他の《武技の極致：〜〜を取得できなくなる。特定の武器の扱いを極めたことを表わすパワー。あなたが扱えば、なまくらも名刀のごとき切れ味を見せる。
《残像の刃》《スラッシュブロウ》1で取得可能。《スラッシュブロウ》の「効果」を「その攻撃のダメージに+[(SL×2)D+【器用基本値】]する。さらにこのダメージは、スキルやアイテムによってダメージ軽減できず、ダメージを0に変更することもできない」に変更する。高速で相手を切り刻むパワー。

《異才：ナイト》取得、あるいはSLを上げる際にナイトのスキルからひとつ選択、選択したナイトのスキルをSL1で取得するか、選択したナイトのスキルが取得済ならそのスキルのSLをひとつ上げる。
《鬼の爪》両手武器の白兵攻撃の命中判定でクリティカルした場合、クリティカルによるダメージロールへのダイス追加に加えて、さらにダメージに+[SL×20]する。",,,,,,,,,,,,,,
バナレット,スーパーマスター：バナレット,,パッシブ,,"《武技の極致》取得する際に武器の「種別」からひとつ選択せよ。《武技の極致：長剣》のように記述し、選択した「種別」の武器を使用した白兵攻撃のダメージに+[SL×7]する。ただし、他の《武技の極致：〜〜を取得できなくなる。
《残像の刃》《スラッシュブロウ》1で取得可能。《スラッシュブロウ》の「効果」を「その攻撃のダメージに+[(SL×2)D+【器用基本値】]する。さらにこのダメージは、スキルやアイテムによってダメージ軽減できず、ダメージを0に変更することもできない」に変更する。

《異才：ウォーロード》取得、あるいはSLを上げる際にウォーロードのスキルからひとつ選択、選択したウォーロードのスキルをSL1で取得するか、選択したウォーロードのスキルが取得済ならそのスキルのSLをひとつ上げる。
《金剛不壊》対抗属性を持つ魔法ダメージや、スキル、アイテムの効果によって【物理防御力】や【魔法防御力】を減少、あるいは0とみなすダメージを受けた場合、【物理防御力】や【魔法防御力】の値をそのまま適用して、ダメージを算出することができる。
《二心同体》騎乗時、あらゆる命中判定の達成値に+SL、【移動力】に+[SL×5]する。
《不落の城砦》【最大HP】に+[SL×30]する。",,,,,,,,,,,,,,
クルセイダー,スーパーマスター：クルセイダー,,パッシブ,,"《神の戦士》武器を使用した命中判定の達成値に+5、魔術判定の達成値に+5する。
《聖なる契約》アコライト、パラディン、プリーストのスキルに有効。ダメージ増加を行なうスキルの効果に+10する。

《異才：プリースト》取得、あるいはSLを上げる際にプリーストのスキルからひとつ選択、選択したプリーストのスキルをSL1で取得するか、選択したプリーストのスキルが取得済ならそのスキルのSLをひとつ上げる。
《魔を討つ者》「種別：打撃」の武器を使用した武器攻撃のダメージに+[SL×7]、魔法攻撃のダメージに+[SL×7]する。",,,,,,,,,,,,,,
ビショップ,スーパーマスター：ビショップ,,パッシブ,,"《神の戦士》武器を使用した命中判定の達成値に+5、魔術判定の達成値に+5する。
《聖なる契約》アコライト、パラディン、プリーストのスキルに有効。ダメージ増加を行なうスキルの効果に+10する。

《異才：パラディン》取得、あるいはSLを上げる際にパラディンのスキルからひとつ選択、選択したパラディンのスキルをSL1で取得するか、選択したパラディンのスキルが取得済ならそのスキルのSLをひとつ上げる
《粛清の光》《ホーリーライト》1と《ディバインライト》1のダメージに+[SL×7]する。さらにこのダメージは、スキルやアイテムによってダメージ軽減できない。
《運命の預言》《プリペアード》1で取得可能。あなたが取得している《パリペイティア》を「使用条件：シーン3回」に変更する。また、あなたが使用する《パリペイティア》は、スキル、アイテムによる「効果を発揮せず、持続もせずに即座に終了となる」という効果を受けない。
《神鉄の守護》《守護結界》1で取得可能。あなたが取得している《守護結界》を「使用条件：ー」に変更する。つまり、メインプロセスの複数回攻撃に対して、1回ずつ《守護結界》が使用可能となる。1回のダメージロールには1回しか使用できないことに注意すること。",,,,,,,,,,,,,,
エレメンタリスト,スーパーマスター：エレメンタリスト,,パッシブ,,"《すべてを砕く者》対象が2体以上の時に有効。魔法攻撃のダメージに+[SL×10]する。
《魔術焦点具》魔術判定に+SL、魔法攻撃のダメージに+[SL×5]する。
《神域の魔術》《マジックフォージ》1で取得可能。《マジックフォージ》の「効果」を「その攻撃のダメージに+[(SL×2)D+【知力基本値】]する。さらにこのダメージは、スキルやアイテムによってダメージ軽減できず、ダメージを0に変更することもできない」に変更する。

《異才：ソーサラー》取得、あるいはSLを上げる際にソーサラーのスキルからひとつ選択、選択したソーサラーのスキルをSL1で取得するか、選択したソーサラーのスキルが取得済ならそのスキルのSLをひとつ上げる。ソーサラーの技を扱うパワー。
《精霊の怒り》《無》属性以外の魔法ダメージを与える魔法攻撃に有効。魔法攻撃の命中判定でクリティカルした場合、その攻撃のダメージロールでは、対象の【物理防御力】と【魔法防御力】をとみなしてHPダメージを算出する。さらにこのダメージはスキル、アイテムによってダメージ軽減できない。
《精霊の友》《無》属性以外の魔法ダメージを与える魔法攻撃に有効。魔法攻撃のダメージに+[SL×7]する。",,,,,,,,,,,,,,
メイガス,スーパーマスター：メイガス,,パッシブ,,"《すべてを砕く者》対象が2体以上の時に有効。魔法攻撃のダメージに+[SL×10]する。
《魔術焦点具》魔術判定に+SL、魔法攻撃のダメージに+[SL×5]する。
《神域の魔術》《マジックフォージ》1で取得可能。《マジックフォージ》の「効果」を「その攻撃のダメージに+[(SL×2)D+【知力基本値】]する。さらにこのダメージは、スキルやアイテムによってダメージ軽減できず、ダメージを0に変更することもできない」に変更する。

《異才：ウィザード》取得、あるいはSLを上げる際にウィザードのスキルからひとつ選択、選択したウィザードのスキルをSL1で取得するか、選択したウィザードのスキルが取得済ならそのスキルのSLをひとつ上げる。
《完全なる呪い》取得する際にバッドステータスからひとつ選択、《完全なる呪い：放心》のように記述し、魔法攻撃で1点でもHPダメージを与えた場合、選択したバッドステータスを与える。そのバッドステータスはスキル、アイテムの効果で回復できない。効果強度が必要な場合は4とする。ただし、他の《完全なる呪い：〜〜を取得できなくなる。
《超精密魔術》効果をダイスで求めるスキルに有効。魔法攻撃、HP回復、MP回復、ダメージ増加、ダメージ軽減、行動値増加、行動値減少を行う「分類：魔術」のスキルの効果に+[SL×5]する。
《連続高速展開》《ファストドロウ》1で取得可能。あなたが取得している《ファストドロウ》を「使用条件：ラウンド1回」に変更する。また、「効果」に「スキル、アイテムによる「効果を発揮せず、持続もせずに即座に終了となる」という効果を受けない」を追加する。",,,,,,,,,,,,,,
ランペイジ,スーパーマスター：ランペイジ,,パッシブ,,"《韋駄天》武器攻撃のダメージに+[SL×5]、【行動値】に+[SL×2]する。
《風と歩む者》武器攻撃の命中判定の達成値に+[SL×2]、回避判定の達成値に+[SL×2]する。

《異才：スカウト》取得、あるいはSLを上げる際にスカウトのスキルからひとつ選択、選択したスカウトのスキルをSL1で取得するか、選択したスカウトのスキルが取得済ならそのスキルのSLをひとつ上げる。スカウトの技を扱うパワー。
《嵐の王》《レイザーストーム1で取得可能。あなたが取得している《レイザーストームを「使用条件：シナリオ2回」に変更し、「効果」に「その《ワイドアタック》で行なう武器攻撃のダメージに+《行動値》する」を追加する。",,,,,,,,,,,,,,
デッドアイ,スーパーマスター：デッドアイ,,パッシブ,,"《韋駄天》武器攻撃のダメージに+[SL×5]、【行動値】に+[SL×2]する。
《風と歩む者》武器攻撃の命中判定の達成値に+[SL×2]、回避判定の達成値に+[SL×2]する。

《異才：エクスプローラー》取得、あるいはSLを上げる際にエクスプローラーのスキルからひとつ選択、選択したエクスプローラーのスキルをSL1で取得するか、選択したエクスプローラーのスキルが取得済ならそのスキルのSLをひとつ上げる。
《完全奇襲》隠密時、あなたが行なう射撃攻撃に対するリアクションの判定は必ず失敗となり、「タイミング：リアクション」のスキル、アイテムも使用できない。
《魔弾の射手》射撃攻撃のダメージに+[(SL×2)D]する。
《幻想舞踏》《ハードラック》1で取得可能。あなたが取得している《ハードラック》の「効果」の「射撃判定の命中判定」を「あらゆる判定」に変更する。また、あなたが使用する《ハードラック》は、スキル、アイテムによる「効果を発揮せず、持続もせずに即座に終了となる」という効果を受けない。",,,,,,,,,,,,,,
ミリタント,スーパーマスター：ミリタント,,パッシブ,,"《アームズマスタリー》取得する際に武器の種別からひとつ選択、選択した武器を使用した命中判定に+1Dする。
《ウェポンタクティカル》ラウンド進行の開始時に[SL×3+2]点のTPを取得する。ラウンド進行の終了時、あなたが得たTPはすべて失われる。",,,,,,,,,,,,,,
コントラクター,スーパーマスター：コントラクター,,パッシブ,,"契約妖精携帯時に発動。
《コントラクトマスタリー》コントラクターのスキルによる《精神》判定に+1Dする。
《ミラージュフォース》《ヴァルキリーチャージ》による攻撃の命中判定の達成値に+1Dする。",,,,,,,,,,,,,,
ウォーロック,スーパーマスター：ウォーロック,,パッシブ,,"精霊剣を持ってたり使用していないと発動しない。
《ファストサイン》《行動値》に+4する。精霊剣から精霊の力を借りることにより、素早い動作や魔術の行使を行なうスキル。
《マジックフォロー》「分類：魔術」のスキルのコストにー1する(最低1)。精霊剣から魔力を得るスキル。
《ストーンカフス》「精霊剣：地」を装備している時に有効。〈地〉属性の魔法ダメージを与える攻撃で、1点でもHPダメージを与えた場合、その攻撃の対象が行なう回避判定の達成値にー2する。この効果はラウンド終了まで持続する。
《ブレイクガード》「精霊剣：水」を装備している時に有効。〈水〉属性の魔法ダメージを与える攻撃で、1点でもHPダメージを与えた場合、その攻撃の対象の【魔法防御力】に-5(最低0)する。この効果はラウンド終了まで持続する。
《メルトアーマー》「精霊剣：火」を装備している時に有効。〈火〉属性の魔法ダメージを与える攻撃で、1点でもHPダメージを与えた場合、その攻撃の対象の【物理防御力】に-5(最低0)する。この効果はラウンド終了まで持続する。
《ストロングウィンド》「精霊剣：風」を装備している時に有効。「分類：魔術〈風〉」による魔法攻撃に有効。魔法攻撃の命中判定でクリティカルした場合、クリティカルによるダメージロールへのダイス追加に加えて、さらにダメージに+3Dする。
《フラッシュサミング》「精霊剣：光」を装備している時に有効。〈光〉属性の魔法ダメージを与える攻撃で、1点でもHPダメージを与えた場合、その攻撃の対象が行なうあらゆる命中判定の達成値にー2する(最低0)。
《ヘビーダーク》「精霊剣：闇」を装備している時に有効。対象がバッドステータスを受けている時に有効。〈闇〉属性の魔法ダメージを与える魔法攻撃のダメージに+1Dする。",,,,,,,,,,,,,,
フォーチュネイト,スーパーマスター：フォーチュネイト,,パッシブ,,"《カードブースト》プリプレイに「種別：アルカナム」のアイテムを[SL]個取得し、デックに追加する。
《カードマスター》デックに選択できる同じ「種別：アルカナム」のアイテムの数の上限を3枚に変更する。
《グローリードロウ》「種別：アルカナム」のアイテムの効果を受けている時に有効。あなたが行なう攻撃の命中判定の達成値に+2する。
《テンションアップ》「種別：アルカナム」のアイテムの効果を受けている時に有効。あなたが行なう攻撃のダメージに+1Dする。",,,,,,,,,,,,,,


