ID,日程,システム,イベント名,GM,参加者1,参加者2,参加者3,参加者4,参加者5,参加者6,予備
,2024/2/19(月),CoC,ナイスバルク！,エンJ,隠光,かっぱずしのひと,天白くん,ペドロマ,べべべ,,
,2024/2/20(火),CoC,ナイスバルク！,エンJ,隠光,かっぱずしのひと,天白くん,ペドロマ,べべべ,,
,2024/2/22(木),CoC,どうぞお切りください,エンJ,記事口授,まいまい,アンパー,まるてん,ゆ〜ゆ〜,,
,2024/2/23(金),CoC,見知らぬ駅にて。,隠光,記事口授,まいまい,アンパー,まるてん,ゆ〜ゆ〜,,
,2024/2/24(土),CoC,悪霊の家,エンJ,あばれぢから,塩害,せらやつ,ダーム,身の丈,,
,2024/2/25(日),CoC,悪霊の家,エンJ,あばれぢから,塩害,せらやつ,ダーム,身の丈,,
,2024/3/2(土),CoC,コーヒー一杯ぶんの恐怖,エンJ,永遠の受験生,viw,ざっと,くろみうむ,ろうはく,,
,2024/3/3(日),CoC,ノン・プレイアブル,エンJ,永遠の受験生,viw,ざっと,くろみうむ,ろうはく,,
,2024/3/4(月),CoC,いるかのクー,あばれぢから,早よ寝よね夜は,まいまい,まるてん,くろみうむ,塩害,身の丈,
,2024/3/5(火),CoC,ホテル・カリフォルニア,あばれぢから,早よ寝よね夜は,まいまい,まるてん,くろみうむ,塩害,身の丈,
,2024/3/6(水),CoC,たくさんのスターダスト,エンJ,早よ寝よね夜は,まいまい,まるてん,くろみうむ,塩害,身の丈,
,2024/3/26(火),SW2.5,旧ワーグハイプ地下水道のその深くにて,隠光,あばれぢから,ミリたら,ゆ〜ゆ〜,viw,Roaliba,,
,2024/3/27(水),SW2.5,旧ワーグハイプ地下水道のその深くにて,隠光,あばれぢから,ミリたら,ゆ〜ゆ〜,viw,Roaliba,,
,2024/3/28(木),SW2.5,異端審問,viw,アンパー,ざっと,くろみうむ,べべべ,まんぼう,,
,2024/3/29(金),SW2.5,異端審問,viw,アンパー,ざっと,くろみうむ,べべべ,まんぼう,,
,2024/4/2(火),SW2.5,くじ、食事、悪事に勇気を添えて,エンJ,隠光,まるてん,サトゥー,ペドロマ,しいたけロケット星人,,
,2024/4/3(水),SW2.5,くじ、食事、悪事に勇気を添えて,エンJ,隠光,まるてん,サトゥー,ペドロマ,しいたけロケット星人,,
,2024/4/6(土),SW2.5,離れ御殿の大掃除,アンパー,永遠の受験生,かまぼこ肉,身の丈,あんみつ,デルカ,,
,2024/4/7(日),SW2.5,離れ御殿の大掃除,アンパー,永遠の受験生,かまぼこ肉,身の丈,あんみつ,デルカ,,
,2024/4/13(土),SW2.5,Fall and Llaf!!,エンJ,まいまい,ダーム,エロう丸,からこく,えら釘数学ららじばら,,
,2024/4/14(日),SW2.5,Fall and Llaf!!,エンJ,まいまい,ダーム,エロう丸,からこく,えら釘数学ららじばら,,
,2024/4/20(土),CoC,ホテル・デュプリケート,隠光,エンJ,エロう丸,霧島弘樹,水無月,からこく,,
,2024/4/21(日),CoC,ホテル・デュプリケート,隠光,エンJ,エロう丸,霧島弘樹,水無月,からこく,,
,2024/4/27(土),SW2.5,蛮族を退治せよ,エンJ,人音,塩害,せらやつ,早よ寝よね夜は,ろうはく,チョコ味バームクーヘン,
,2024/4/28(日),SW2.5,蛮族を退治せよ,エンJ,人音,塩害,せらやつ,早よ寝よね夜は,ろうはく,チョコ味バームクーヘン,
,2024/5/1(水),SW2.5,ミンスミートは丸呑みされた,あばれぢから,エンJ,アゲハの姿佃煮,マグねこ,McCloud,ミリたら,くろみうむ,
,2024/5/11(土),SW2.5,Run-of-the-mill,サトゥー,べべべ,隠光,永遠の受験生,黒ごま,エンJ,,
,2024/5/12(日),SW2.5,Run-of-the-mill,サトゥー,べべべ,隠光,永遠の受験生,黒ごま,エンJ,,
,2024/5/14(火),DX3,Gray Phantom,エンJ,ミリたら,まるてん,まいまい,ゆ〜ゆ〜,サトゥー,,
,2024/5/15(水),DX3,Gray Phantom,エンJ,ミリたら,まるてん,まいまい,ゆ〜ゆ〜,サトゥー,,
,2024/5/17(金),CoC,誰がロックを殺すのか,隠光,身の丈,べべべ,ゆ〜ゆ〜,あばれぢから,,,
,2024/5/18(土),CoC,誰がロックを殺すのか,隠光,身の丈,べべべ,ゆ〜ゆ〜,あばれぢから,,,
,2024/5/19(日),CoC,誰がロックを殺すのか,隠光,身の丈,べべべ,ゆ〜ゆ〜,あばれぢから,,,
,2024/5/22(水),DX3,Kingdom come,エンJ,しゅあと,ペドロマ,まんぼう,あばれぢから,隠光,,
,2024/5/23(木),DX3,Kingdom come,エンJ,しゅあと,ペドロマ,まんぼう,あばれぢから,隠光,,
,2024/5/25(土),DX3,Violent Emotion,エンJ,くろみうむ,ざっと,viw,Roaliba,永遠の受験生,,
,2024/5/26(日),DX3,Violent Emotion,エンJ,くろみうむ,ざっと,viw,Roaliba,永遠の受験生,,
,2024/5/27(月),DX3,World End Juvenile,エンJ,こいつ,人音,ろうはく,身の丈,しるべ,,
,2024/5/28(火),DX3,World End Juvenile,エンJ,こいつ,人音,ろうはく,身の丈,しるべ,,
,2024/6/5(水),DX3,Moonless Night,エンJ,ペドロマ,人音,まいまい,あばれぢから,Roaliba,ろうはく,
,2024/6/6(木),DX3,Moonless Night,エンJ,ペドロマ,人音,まいまい,あばれぢから,Roaliba,ろうはく,
,2024/6/8(土),DX3,Crumble Days,エンJ,マグねこ,アンパー,かまぼこ肉,きられ,霧島弘樹,,
,2024/6/9(日),DX3,Crumble Days,エンJ,マグねこ,アンパー,かまぼこ肉,きられ,霧島弘樹,,
,2024/6/10(月),CoC,ようこそ！迷冥市役所都市伝説課へ！,しるべ,あばれぢから,身の丈,,,,,
,2024/6/11(火),CoC,ようこそ！迷冥市役所都市伝説課へ！,しるべ,あばれぢから,身の丈,,,,,
,2024/6/12(水),CoC,ようこそ！迷冥市役所都市伝説課へ！,しるべ,あばれぢから,身の丈,,,,,
,2024/6/13(木),CoC,ようこそ！迷冥市役所都市伝説課へ！,しるべ,あばれぢから,身の丈,,,,,
,2024/6/15(土),DX3,Hunting Under The Moon,隠光,早よ寝よね夜は,塩害,さかい君,CΘST,エンJ,,
,2024/6/16(日),DX3,Hunting Under The Moon,隠光,早よ寝よね夜は,塩害,さかい君,CΘST,エンJ,,
,2024/6/18(火),CoC,曾洲島の双子,無銘,あばれぢから,黒ごま,べべべ,ろうはく,,,
,2024/6/19(水),CoC,曾洲島の双子,無銘,あばれぢから,黒ごま,べべべ,ろうはく,,,
,2024/6/21(金),DX3,Truth or Fiction,エンJ,END,アゲハの姿佃煮,せらやつ,べべべ,ダーム,,
,2024/6/22(土),DX3,Truth or Fiction,エンJ,END,アゲハの姿佃煮,せらやつ,べべべ,ダーム,,
,2024/6/26(水),DX3,Devil to the Fellow Travelers,viw,くろみうむ,エンJ,ミリたら,身の丈,隠光,,
,2024/6/27(木),DX3,Devil to the Fellow Travelers,viw,くろみうむ,エンJ,ミリたら,身の丈,隠光,,
,2024/6/27(木),CoC,VOID,ペドロマ,永遠の受験生,隠光,かまぼこ肉,あばれぢから,,,
,2024/6/28(金),CoC,VOID,ペドロマ,永遠の受験生,隠光,かまぼこ肉,あばれぢから,,,
,2024/6/29(土),CoC,誰がロックを殺すのか,エンJ,ろうはく,END,等々力,サトゥー,,,
,2024/6/30(日),CoC,誰がロックを殺すのか,エンJ,ろうはく,END,等々力,サトゥー,,,
,2024/7/1(月),CoC,がいがい,天白くん,あばれぢから,くろみうむ,,,,,
,2024/7/2(火),CoC,今日はさくさくルースのクッキーを作ります！,天白くん,曇天,ろうはく,エンJ,べべべ,身の丈,アンパー,
,2024/7/3(水),SW2.5,コルト・コーリーヴス氷下遺跡,隠光,エンJ,ダーム,viw,デルカ,まいまい,アゲハの姿佃煮,
,2024/7/4(木),SW2.5,ユーニーズ浮遊島群と神殿,隠光,エンJ,ダーム,人音,アンパー,くろみうむ,あばれぢから,
,2024/7/5(金),銀剣,孤島オーシャンビュー,エンJ,しるべ,ミリたら,あばれぢから,身の丈,,,
,2024/7/6(土),銀剣,孤島オーシャンビュー,エンJ,しるべ,ミリたら,あばれぢから,身の丈,,,
,2024/7/7(日),CoC,VOID,ペドロマ,永遠の受験生,隠光,かまぼこ肉,あばれぢから,,,
,2024/7/8(月),CoC,VOID,ペドロマ,永遠の受験生,隠光,かまぼこ肉,あばれぢから,,,
,2024/7/9(火),CoC,VOID,ペドロマ,永遠の受験生,隠光,かまぼこ肉,あばれぢから,,,
,2024/7/10(水),CoC,VOID,ペドロマ,永遠の受験生,隠光,かまぼこ肉,あばれぢから,,,
,2024/7/11(木),SW2.5,ヒドラ討伐ソロ！,エンJ,まいまい,,,,,,
,2024/7/11(木),ﾋﾛｲﾝｽﾞｷﾞﾌﾄ,伊丹潮来のお菓子大作戦！,あばれぢから,かまぼこ肉,ペドロマ,エンJ,viw,隠光,アンパー,
,2024/7/13(土),CoC,VOID,ペドロマ,永遠の受験生,隠光,かまぼこ肉,あばれぢから,,,
,2024/7/13(土),DX3,Another Fate,ミリたら,マグねこ,人音,ろうはく,ダーム,,,
,2024/7/14(日),CoC,VOID,ペドロマ,永遠の受験生,隠光,かまぼこ肉,あばれぢから,,,
,2024/7/14(日),DX3,Another Fate,ミリたら,マグねこ,人音,ろうはく,ダーム,,,
,2024/7/15(月),CoC,VOID,ペドロマ,永遠の受験生,隠光,かまぼこ肉,あばれぢから,,,
,2024/7/16(火),CoC,ようこそ！迷冥市役所都市伝説課へ！,しるべ,END,アンパー,,,,,
,2024/7/16(火),CoC,ようこそ！迷冥市役所都市伝説課へ！,隠光,サトゥー,べべべ,,,,,
,2024/7/17(水),CoC,ようこそ！迷冥市役所都市伝説課へ！,しるべ,END,アンパー,,,,,
,2024/7/17(水),CoC,がいがい,天白くん,身の丈,べべべ,,,,,
,2024/7/17(水),CoC,ようこそ！迷冥市役所都市伝説課へ！,隠光,サトゥー,べべべ,,,,,
,2024/7/18(木),CoC,ようこそ！迷冥市役所都市伝説課へ！,しるべ,END,アンパー,,,,,
,2024/7/18(木),CoC,ようこそ！迷冥市役所都市伝説課へ！,隠光,サトゥー,べべべ,,,,,
,2024/7/20(土),CoC,VOID,ペドロマ,曇天,エンJ,身の丈,べべべ,,,
,2024/7/21(日),DX3,Goodbye Blue Monday,あばれぢから,かまぼこ肉,くろみうむ,ろうはく,隠光,エンJ,,
,2024/7/22(月),DX3,Goodbye Blue Monday,あばれぢから,かまぼこ肉,くろみうむ,ろうはく,隠光,エンJ,,
,2024/7/23(火),CoC,ナイスバルク！,エンJ,こいつ,Ketoku,LiNKER,海王,松の葉,,
,2024/7/24(水),CoC,VOID,ペドロマ,曇天,エンJ,身の丈,べべべ,,,
,2024/7/24(水),CoC,ナイスバルク！,エンJ,こいつ,Ketoku,LiNKER,海王,松の葉,,
,2024/7/25(木),CoC,ナイスバルク！,エンJ,こいつ,Ketoku,LiNKER,海王,松の葉,,
,2024/7/27(土),サタスペ,路地裏の小戦争,viw,あばれぢから,ゆ〜ゆ〜,隠光,まいまい,エンJ,,
,2024/7/28(日),サタスペ,路地裏の小戦争,viw,あばれぢから,ゆ〜ゆ〜,隠光,まいまい,エンJ,,
,2024/7/30(火),銀剣,学園合同文化祭,ミリたら,べべべ,こいつ,アンパー,,,,
,2024/7/31(水),銀剣,学園合同文化祭,ミリたら,べべべ,こいつ,アンパー,,,,
,2024/8/1(木),CoC,VOID,ペドロマ,曇天,エンJ,身の丈,べべべ,,,
,2024/8/1(木),CoC,森のタヌキにご用心,天白くん,END,ミリたら,ろうはく,まいまい,,,
,2024/8/1(木),CoC,シャコ食べにきたらミ=ゴがいた,天白くん,まいまい,ミリたら,END,あばれぢから,ろうはく,,
,2024/8/2(金),CoC,片鱗,天白くん,アンパー,あばれぢから,,,,,
,2024/8/3(土),CoC,VOID,ペドロマ,曇天,エンJ,身の丈,べべべ,,,
,2024/8/4(日),CoC,VOID,ペドロマ,曇天,エンJ,身の丈,べべべ,,,
,2024/8/5(月),CoC,蹉跌を踏む,あばれぢから,曇天,ガ行,身の丈,ヴィクトリア,viw,,
,2024/8/6(火),CoC,蹉跌を踏む,あばれぢから,曇天,ガ行,身の丈,ヴィクトリア,viw,,
,2024/8/7(水),CoC,VOID,ペドロマ,曇天,エンJ,身の丈,べべべ,,,
,2024/8/8(木),CoC,VOID,ペドロマ,曇天,エンJ,身の丈,べべべ,,,
,2024/8/11(日),CoC,VOID,ペドロマ,曇天,エンJ,身の丈,べべべ,,,
,2024/8/13(火),CoC,しっぷれっく！～無限バカンス編～,あばれぢから,エンJ,身の丈,viw,vara,ヴィクトリア,,
,2024/8/14(水),CoC,しっぷれっく！～無限バカンス編～,あばれぢから,エンJ,身の丈,viw,vara,ヴィクトリア,,
,2024/8/15(木),CoC,VOID,ペドロマ,曇天,エンJ,身の丈,べべべ,,,
,2024/8/18(日),SW2.5,謎の夏の宝石「ノコゼミ」は実在した！,エンJ,あばれぢから,McCloud,隠光,vara,こいつ,ユーロ,
,2024/8/19(月),SW2.5,謎の夏の宝石「ノコゼミ」は実在した！,エンJ,あばれぢから,McCloud,隠光,vara,こいつ,ユーロ,
,2024/8/20(火),CoC,VOID,ペドロマ,曇天,エンJ,身の丈,べべべ,,,
,2024/8/22(木),CoC,VOID,ペドロマ,曇天,エンJ,身の丈,べべべ,,,
,2024/8/26(月),CoC,VOID,ペドロマ,曇天,エンJ,身の丈,べべべ,,,
,2024/8/26(月),CoC,ようこそ！迷冥市役所都市伝説課へ！,しるべ,まいまい,くろみうむ,,,,,
,2024/8/27(火),CoC,ようこそ！迷冥市役所都市伝説課へ！,しるべ,まいまい,くろみうむ,,,,,
,2024/8/28(水),CoC,VOID,ペドロマ,曇天,エンJ,身の丈,べべべ,,,
,2024/8/28(水),CoC,ようこそ！迷冥市役所都市伝説課へ！,しるべ,まいまい,くろみうむ,,,,,
,2024/8/29(木),CoC,ようこそ！迷冥市役所都市伝説課へ！,しるべ,まいまい,くろみうむ,,,,,
,2024/9/1(日),BRP,逃走中 ～絶海リゾートオーシャンビゥー～,あばれぢから,まいまい,ろうはく,ダーム,,,,
,2024/9/2(月),BRP,逃走中 ～絶海リゾートオーシャンビゥー～,あばれぢから,まいまい,ろうはく,ダーム,,,,
,2024/9/4(水),CoC,片鱗,天白くん,隠光,エンJ,,,,,
,2024/9/6(金),DX3,Expand Contrast,人音,エンJ,あばれぢから,ろうはく,viw,しるべ,,
,2024/9/7(土),DX3,Expand Contrast,人音,エンJ,あばれぢから,ろうはく,viw,しるべ,,
,2024/9/8(日),DX3,"Enforcer,Star,Fixer",viw,サトゥー,アンパー,エンJ,隠光,かまぼこ肉,,
,2024/9/9(月),DX3,"Enforcer,Star,Fixer",viw,サトゥー,アンパー,エンJ,隠光,かまぼこ肉,,
,2024/9/9(月),CoC,ようこそ！迷冥市役所都市伝説課へ！,しるべ,等々力,ペドロマ,,,,,
,2024/9/10(火),CoC,ようこそ！迷冥市役所都市伝説課へ！,しるべ,等々力,ペドロマ,,,,,
,2024/9/10(火),SW2.5,"Avior; or, The Dragon（Side:蛮）",viw,黒ごま,vara,サトゥー,エンJ,,,
,2024/9/11(水),CoC,ようこそ！迷冥市役所都市伝説課へ！,しるべ,等々力,ペドロマ,,,,,
,2024/9/11(水),SW2.5,"Avior; or, The Dragon（Side:蛮）",viw,黒ごま,vara,サトゥー,エンJ,,,
,2024/9/12(木),SW2.5,"Avior; or, The Dragon（Side:蛮）",viw,黒ごま,vara,サトゥー,エンJ,,,
,2024/9/13(金),SW2.5,"Avior; or, The Dragon（Side:蛮）",viw,黒ごま,vara,サトゥー,エンJ,,,
,2024/9/14(土),SW2.5,"Avior; or, The Dragon（Side:蛮）",viw,黒ごま,vara,サトゥー,エンJ,,,
,2024/9/14(土),DX3,OVERED LIVE,くろみうむ,あばれぢから,まいまい,人音,ダーム,,,
,2024/9/15(日),SW2.5,"Avior; or, The Dragon（Side:蛮）",viw,黒ごま,vara,サトゥー,エンJ,,,
,2024/9/15(日),DX3,OVERED LIVE,くろみうむ,あばれぢから,まいまい,人音,ダーム,,,
,2024/9/17(火),CoC,赤い、赤い海,隠光,エンJ,あばれぢから,まいまい,viw,しるべ,,
,2024/9/18(水),CoC,赤い、赤い海,隠光,エンJ,あばれぢから,まいまい,viw,しるべ,,
,2024/9/19(木),CoC,ようこそ！迷冥市役所都市伝説課へ！,あばれぢから,永遠の受験生,ミリたら,,,,,
,2024/9/20(金),CoC,ようこそ！迷冥市役所都市伝説課へ！,あばれぢから,永遠の受験生,ミリたら,,,,,
,2024/9/20(金),銀剣,アーセルトレイ花の映画村！,あばれぢから,エンJ,永遠の受験生,ろうはく,しるべ,,,
,2024/9/21(土),CoC,ようこそ！迷冥市役所都市伝説課へ！,あばれぢから,永遠の受験生,ミリたら,,,,,
,2024/9/21(土),銀剣,アーセルトレイ花の映画村！,あばれぢから,エンJ,永遠の受験生,ろうはく,しるべ,,,
,2024/9/22(日),CoC,ようこそ！迷冥市役所都市伝説課へ！,あばれぢから,永遠の受験生,ミリたら,,,,,
,2024/9/22(日),SW2.5,くじ、食事、悪事に勇気を添えて,エンJ,Ketoku,等々力,黒ごま,CΘST,曇天,こまり,
,2024/9/22(日),CoC,片鱗,天白くん,べべべ,身の丈,,,,,
,2024/9/23(月),CoC,ようこそ！迷冥市役所都市伝説課へ！,あばれぢから,永遠の受験生,ミリたら,,,,,
,2024/9/23(月),SW2.5,くじ、食事、悪事に勇気を添えて,エンJ,Ketoku,等々力,黒ごま,CΘST,曇天,こまり,
,2024/9/23(月),CoC,片鱗,天白くん,べべべ,身の丈,,,,,
,2024/9/24(火),CoC,ようこそ！迷冥市役所都市伝説課へ！,あばれぢから,永遠の受験生,ミリたら,,,,,
,2024/9/24(火),CoC,片鱗,天白くん,べべべ,身の丈,,,,,
,2024/9/25(水),CoC,ようこそ！迷冥市役所都市伝説課へ！,あばれぢから,永遠の受験生,ミリたら,,,,,
,2024/9/26(木),CoC,ようこそ！迷冥市役所都市伝説課へ！,あばれぢから,永遠の受験生,ミリたら,,,,,
,2024/9/30(月),SW2.5,"Avior; or, The Dragon（Side:人）",viw,隠光,アンパー,まいまい,デルカ,,,
,2024/10/1(火),SW2.5,"Avior; or, The Dragon（Side:人）",viw,隠光,アンパー,まいまい,デルカ,,,
,2024/10/1(火),SW2.5,ヒドラ討伐ソロ！,エンJ,vara,,,,,,
,2024/10/1(火),SW2.5,ヒドラ討伐ソロ！,エンJ,vara,,,,,,
,2024/10/1(火),SW2.5,ヒドラ討伐ソロ！,エンJ,あばれぢから,,,,,,
,2024/10/2(水),SW2.5,"Avior; or, The Dragon（Side:人）",viw,隠光,アンパー,まいまい,デルカ,,,
,2024/10/3(木),SW2.5,"Avior; or, The Dragon（Side:人）",viw,隠光,アンパー,まいまい,デルカ,,,
,2024/10/4(金),SW2.5,"Avior; or, The Dragon（Side:人）",viw,隠光,アンパー,まいまい,デルカ,,,
,2024/10/5(土),SW2.5,"Avior; or, The Dragon（Side:人）",viw,隠光,アンパー,まいまい,デルカ,,,
,2024/10/6(日),SW2.5,"Avior; or, The Dragon（Side:人）",viw,隠光,アンパー,まいまい,デルカ,,,
,2024/10/6(日),銀剣,アーセルトレイ統一学力テスト前夜,アンパー,あばれぢから,ミリたら,天白くん,,,,
,2024/10/7(月),SW2.5,"Avior; or, The Dragon（Side:人）",viw,隠光,アンパー,まいまい,デルカ,,,
,2024/10/10(木),ネクロニカ,夢見るネクロプラズム,エンJ,早よ寝よね夜は,こまり,隠光,,,,
,2024/10/11(金),ネクロニカ,一途な彼ら,エンJ,早よ寝よね夜は,こまり,隠光,ものむ,,,
,2024/10/14(月),ネクロニカ,死人工場,エンJ,等々力,霧島弘樹,まいまい,永遠の受験生,,,
,2024/10/15(火),ネクロニカ,生きた証,エンJ,等々力,霧島弘樹,まいまい,永遠の受験生,,,
,2024/10/16(水),CoC,フォーカス・ポーカス・サーカシズム！,あばれぢから,べべべ,身の丈,永遠の受験生,塩害,等々力,,
,2024/10/17(木),CoC,フォーカス・ポーカス・サーカシズム！,あばれぢから,べべべ,身の丈,永遠の受験生,塩害,等々力,,
,2024/10/18(金),CoC,フォーカス・ポーカス・サーカシズム！,あばれぢから,黒ごま,vara,ユーロ,karateman,あああああ,,
,2024/10/19(土),CoC,フォーカス・ポーカス・サーカシズム！,あばれぢから,黒ごま,vara,ユーロ,karateman,あああああ,,
,2024/10/21(月),SW2.5,父の遺した書物,人音,まいまい,まるてん,エンJ,ガ行,,,
,2024/10/22(火),SW2.5,父の遺した書物,人音,まいまい,まるてん,エンJ,ガ行,,,
,2024/10/23(水),CoC,赤い、赤い海,隠光,べべべ,ろうはく,vara,アンパー,永遠の受験生,黒ごま,
,2024/10/25(金),ネクロニカ,終末行くならこんなショッピングモール,エンJ,デルカ,END,ろうはく,無銘,,,
,2024/10/26(土),ネクロニカ,鳥籠の天使,エンJ,デルカ,END,ろうはく,,,,
,2024/10/27(日),SW2.5,禍福は流れ墜つ星が如く,Roaliba,エンJ,viw,まいまい,人音,,,
,2024/10/28(月),SW2.5,禍福は流れ墜つ星が如く,Roaliba,エンJ,viw,まいまい,人音,,,
,2024/10/29(火),SW2.5,禍福は流れ墜つ星が如く,Roaliba,エンJ,viw,まいまい,人音,,,
,2024/10/29(火),SW2.5,帝路追想 スターダストアビス,隠光,エンJ,,,,,,
,2024/10/30(水),SW2.5,禍福は流れ墜つ星が如く,Roaliba,エンJ,viw,まいまい,人音,,,
,2024/10/30(水),SW2.5,帝路追想 スターダストアビス,隠光,エンJ,,,,,,
,2024/10/31(木),SW2.5,禍福は流れ墜つ星が如く,Roaliba,エンJ,viw,まいまい,人音,,,
,2024/10/31(木),ネクロニカ,優雅なハロウィン,エンJ,まんぼう,ゆうしゃアシスタント,サトゥー,アンパー,,,
,2024/11/1(金),SW2.5,禍福は流れ墜つ星が如く,Roaliba,エンJ,viw,まいまい,人音,,,
,2024/11/1(金),ネクロニカ,モグラノハカモリ,エンJ,まんぼう,ゆうしゃアシスタント,サトゥー,アンパー,,,
,2024/11/2(土),SW2.5,禍福は流れ墜つ星が如く,Roaliba,エンJ,viw,まいまい,人音,,,
,2024/11/2(土),銀剣,トリックorシャイン,ミリたら,アンパー,身の丈,曇天,ガ行,,,
,2024/11/3(日),SW2.5,禍福は流れ墜つ星が如く,Roaliba,エンJ,viw,まいまい,人音,,,
,2024/11/3(日),銀剣,トリックorシャイン,ミリたら,アンパー,身の丈,曇天,ガ行,,,
,2024/11/4(月),SW2.5,禍福は流れ墜つ星が如く,Roaliba,エンJ,viw,まいまい,人音,,,
,2024/11/4(月),銀剣,トリックorシャイン,ミリたら,アンパー,身の丈,曇天,ガ行,,,
,2024/11/5(火),SW2.5,禍福は流れ墜つ星が如く,Roaliba,エンJ,viw,まいまい,人音,,,
,2024/11/6(水),ネクロニカ,さよならユートピア,隠光,ペドロマ,塩害,あばれぢから,アゲハの姿佃煮,,,
,2024/11/7(木),ネクロニカ,さよならユートピア,隠光,ペドロマ,塩害,あばれぢから,アゲハの姿佃煮,,,
,2024/11/8(金),CoC,白昼夢デイト！,ミリたら,曇天,エンJ,,,,,
,2024/11/10(日),ネクロニカ,The ordinary residence,viw,かまぼこ肉,しるべ,ｶﾞﾄﾈﾛ,くろみうむ,,,
,2024/11/11(月),ネクロニカ,The ordinary residence,viw,かまぼこ肉,しるべ,ｶﾞﾄﾈﾛ,くろみうむ,,,
,2024/11/12(火),CoC,がいがい,しるべ,エンJ,viw,,,,,
,2024/11/13(水),ネクロニカ,マジカルウィッチ・ネクロガール,アンパー,べべべ,viw,エンJ,曇天,,,
,2024/11/14(木),ネクロニカ,数式は博士を愛し続ける,アンパー,べべべ,viw,エンJ,曇天,,,
,2024/11/15(金),サタスペ,アウト・オブ・リーチ,デルカ,エンJ,サトゥー,曇天,まいまい,アンパー,,
,2024/11/16(土),サタスペ,アウト・オブ・リーチ,デルカ,エンJ,サトゥー,曇天,まいまい,アンパー,,
,2024/11/18(月),CoC,片鱗,エンJ,ミリたら,永遠の受験生,,,,,
,2024/11/19(火),CoC,片鱗,エンJ,ミリたら,永遠の受験生,,,,,
,2024/11/20(水),CoC,庭師は何を口遊む,しるべ,viw,アンパー,END,エンJ,,,
,2024/11/21(木),CoC,庭師は何を口遊む,しるべ,viw,アンパー,END,エンJ,,,
,2024/11/22(金),CoC,庭師は何を口遊む,しるべ,viw,アンパー,END,エンJ,,,
,2024/11/23(土),マモブル,ロークオリティ・テロリズム,隠光,viw,アンパー,END,エンJ,しるべ,,
,2024/11/24(日),マモブル,闇・闇・闇バイト,隠光,あばれぢから,黒ごま,永遠の受験生,サトゥー,ハイドロ,,
,2024/11/26(火),ネクロニカ,オワコン共は夢を見た,エンJ,くれいど,身の丈,まるてん,人音,,,
,2024/11/27(水),ネクロニカ,オワコン共は夢を見た,エンJ,くれいど,身の丈,まるてん,人音,,,
,2024/11/28(木),フタリソウサ,箱の中の猫,ろうはく,エンJ,あばれぢから,,,,,
,2024/11/29(金),フタリソウサ,箱の中の猫1.2,ろうはく,ガ行,曇天,,,,,
,2024/11/30(土),CoC,ニアリーイコールの憧憬,あばれぢから,永遠の受験生,隠光,曇天,エンJ,,,
,2024/12/2(月),CoC,片鱗,エンJ,まいまい,等々力,,,,,
,2024/12/5(木),CoC,鰯と柊,しるべ,あばれぢから,まいまい,,,,,
,2024/12/6(金),CoC,鰯と柊,しるべ,あばれぢから,まいまい,,,,,
,2024/12/7(土),CoC,鰯と柊,しるべ,あばれぢから,まいまい,,,,,
,2024/12/8(日),CoC,鰯と柊,しるべ,あばれぢから,まいまい,,,,,
,2024/12/8(日),マモブル,Scramble Days,viw,せらやつ,エンJ,隠光,永遠の受験生,べべべ,,
,2024/12/10(火),マモブル,トシノセ・ディープ掃除,エンJ,END,黒ごま,等々力,あばれぢから,べべべ,まるてん,
,2024/12/11(水),マモブル,逆転のユグドラシル,エンJ,END,黒ごま,等々力,あばれぢから,ハイドロ,隠光,
,2024/12/12(木),CoC,鰯と柊,しるべ,隠光,べべべ,,,,,
,2024/12/13(金),CoC,鰯と柊,しるべ,隠光,べべべ,,,,,
,2024/12/13(金),CoC,うみがめ入りスープ,まいまい,エンJ,黒ごま,ペドロマ,塩害,隠光,,
,2024/12/14(土),CoC,鰯と柊,しるべ,隠光,べべべ,,,,,
,2024/12/15(日),CoC,鰯と柊,しるべ,隠光,べべべ,,,,,
,2024/12/15(日),SW2.5,ヒドラ討伐ソロ！,viw,エンJ,,,,,,
,2024/12/16(月),CoC,鰯と柊,しるべ,隠光,べべべ,,,,,
,2024/12/17(火),CoC,鰯と柊,しるべ,隠光,べべべ,,,,,
,2024/12/17(火),CoC,実録！！幻夢境の奇祭ムーンビーストころがし祭,天白くん,くれいど,等々力,あばれぢから,まいまい,人音,,
,2024/12/18(水),CoC,鰯と柊,しるべ,隠光,べべべ,,,,,
,2024/12/19(木),CoC,鰯と柊,しるべ,隠光,べべべ,,,,,
,2024/12/20(金),サタスペ,ハート・オブ・アイス,デルカ,アンパー,サトゥー,ハイドロ,viw,あばれぢから,,
,2024/12/21(土),サタスペ,ハート・オブ・アイス,デルカ,アンパー,サトゥー,ハイドロ,viw,あばれぢから,,
,2024/12/22(日),サタスペ,ハート・オブ・アイス,デルカ,アンパー,サトゥー,ハイドロ,viw,あばれぢから,,
,2024/12/23(月),CoC,共倒れグランギニョル,天白くん,あばれぢから,人音,べべべ,エンJ,ミリたら,,
,2024/12/24(火),DX3,Yellow Blood-Party,あばれぢから,まいまい,ろうはく,人音,永遠の受験生,エンJ,,
,2024/12/25(水),DX3,Yellow Blood-Party,あばれぢから,まいまい,ろうはく,人音,永遠の受験生,エンJ,,
,2024/12/26(木),マモブル,聖なる夜、あなたのもとへ,アンパー,デルカ,まいまい,人音,まんぼう,まるてん,あああああ,
,2024/12/27(金),CoC,迷宮入りスープ,あばれぢから,エンJ,黒ごま,等々力,,,,
,2024/12/28(土),CoC,鰯と柊,しるべ,かまぼこ肉,身の丈,,,,,
,2024/12/29(日),CoC,鰯と柊,しるべ,かまぼこ肉,身の丈,,,,,
,2024/12/30(月),CoC,鰯と柊,しるべ,かまぼこ肉,身の丈,,,,,
,2025/1/4(土),CoC,迷宮入りスープ,あばれぢから,べべべ,まいまい,あああああ,,,,
,2025/1/5(日),CoC,慄け！因習村,天白くん,曇天,身の丈,ガ行,,,,
,2025/1/6(月),CoC,ここはたのしいうさのくに,曇天,曇天,身の丈,,,,,
,2025/1/6(月),CoC,5W1H,ペドロマ,等々力,まいまい,あばれぢから,,,,
,2025/1/7(火),CoC,ここはたのしいうさのくに,曇天,曇天,身の丈,,,,,
,2025/1/7(火),CoC,5W1H,ペドロマ,等々力,まいまい,あばれぢから,,,,
,2025/1/8(水),CoC,5W1H,ペドロマ,等々力,まいまい,あばれぢから,,,,
,2025/1/9(木),CoC,5W1H,ペドロマ,等々力,まいまい,あばれぢから,,,,
,2025/1/11(土),CoC,うみがめ入りスープ,まいまい,天白くん,等々力,ミリたら,,,,
,2025/1/12(日),CoC,Hunger is the best poison.,等々力,エンJ,まいまい,身の丈,霧島弘樹,黒ごま,,
,2025/1/13(月),CoC,鰯と柊,しるべ,viw,エンJ,,,,,
,2025/1/14(火),CoC,鰯と柊,しるべ,viw,エンJ,,,,,
,2025/1/15(水),CoC,鰯と柊,しるべ,viw,エンJ,,,,,
,2025/1/15(水),サタスペ,YOUR TURN,デルカ,アンパー,,,,,,
,2025/1/16(木),CoC,鰯と柊,しるべ,viw,エンJ,,,,,
,2025/1/16(木),サタスペ,YOUR TURN,デルカ,アンパー,,,,,,
,2025/1/17(金),CoC,鰯と柊,しるべ,viw,エンJ,,,,,
,2025/1/17(金),サタスペ,YOUR TURN,デルカ,アンパー,,,,,,
,2025/1/18(土),SW2.5,アビス・イン・カレイドスコープ,viw,隠光,人音,END,ダーム,,,
,2025/1/19(日),SW2.5,アビス・イン・カレイドスコープ,viw,隠光,人音,END,ダーム,,,
,2025/1/20(月),CoC,蹂躙するは我が手にて,しるべ,永遠の受験生,まいまい,あばれぢから,かまぼこ肉,,,
,2025/1/21(火),CoC,蹂躙するは我が手にて,しるべ,永遠の受験生,まいまい,あばれぢから,かまぼこ肉,,,
,2025/1/22(水),サタスペ,YOUR TURN,デルカ,END,,,,,,
,2025/1/22(水),CoC,ここはたのしいうさのくに,曇天,曇天,エンJ,,,,,
,2025/1/22(水),サタスペ,YOUR TURN,デルカ,まいまい,,,,,,
,2025/1/23(木),サタスペ,YOUR TURN,デルカ,END,,,,,,
,2025/1/23(木),CoC,ここはたのしいうさのくに,曇天,曇天,エンJ,,,,,
,2025/1/23(木),サタスペ,YOUR TURN,デルカ,まいまい,,,,,,
,2025/1/24(金),CoC,ここはたのしいうさのくに,曇天,曇天,エンJ,,,,,
,2025/1/24(金),CoC,唸れ！ 暁コメディーショー,あばれぢから,人音,ガ行,,,,,
,2025/1/25(土),CoC,唸れ！ 暁コメディーショー,あばれぢから,人音,ガ行,,,,,
,2025/1/25(土),SW2.5,アビス・イン・カレイドスコープ,viw,まいまい,黒ごま,アンパー,エンJ,まるてん,,
,2025/1/26(日),CoC,唸れ！ 暁コメディーショー,あばれぢから,人音,ガ行,,,,,
,2025/1/26(日),SW2.5,アビス・イン・カレイドスコープ,viw,まいまい,黒ごま,アンパー,エンJ,まるてん,,
,2025/1/26(日),CoC,白昼夢デイト！,ミリたら,べべべ,身の丈,,,,,
,2025/1/28(火),CoC,うみがめ入りスープ,まいまい,海王,あばれぢから,ガ行,人音,,,
,2025/1/29(水),銀剣,TaSoGaRe☆CLIMAXXX!!!!!,エンJ,人音,まるてん,ハイドロ,ミリたら,,,
,2025/1/30(木),銀剣,TaSoGaRe☆CLIMAXXX!!!!!,エンJ,人音,まるてん,ハイドロ,ミリたら,,,
,2025/2/3(月),CoC,うまずめのはら,しるべ,曇天,,,,,,
,2025/2/3(月),CoC,知らぬが手向け,天白くん,海王,人音,エンJ,,,,
,2025/2/5(水),CoC,ゼロごはん,しるべ,viw,アンパー,END,エンJ,,,
,2025/2/6(木),CoC,ゼロごはん,しるべ,viw,アンパー,END,エンJ,,,
,2025/2/6(木),マモブル,オトシモノ・サガシマモノ,しるべ,viw,アンパー,END,エンJ,,,
,2025/2/8(土),サタスペ,YOUR TURN,デルカ,エンJ,,,,,,
,2025/2/9(日),サタスペ,YOUR TURN,デルカ,エンJ,,,,,,
,2025/2/9(日),CoC,知らぬが手向け,天白くん,あばれぢから,ガ行,曇天,,,,
,2025/2/10(月),CoC,クラウド・ジョーズ～地獄の艦隊～,エンJ,まいまい,ハイドロ,あばれぢから,黒ごま,viw,,
,2025/2/11(火),SW2.5,ヒドラ討伐ソロ！,エンJ,人音,,,,,,
,2025/2/11(火),S2G,パンプド・アップ・キックス,あばれぢから,さかい君,まんぼう,,,,,
,2025/2/12(水),SW2.5,ヒドラ討伐ソロ！,エンJ,黒ごま,,,,,,
,2025/2/12(水),SW2.5,ヒドラ討伐ソロ！,エンJ,アンパー,,,,,,
,2025/2/13(木),銀剣,Bitter is Better,エンJ,べべべ,ペドロマ,まいまい,隠光,,,
,2025/2/14(金),銀剣,Bitter is Better,エンJ,べべべ,ペドロマ,まいまい,隠光,,,
,2025/2/14(金),CoC,爛爛,天白くん,エンJ,viw,,,,,
,2025/2/16(日),CoC,がいがい,天白くん,人音,ガ行,,,,,
,2025/2/16(日),DX3,Chocolate Raiding,viw,かまぼこ肉,あばれぢから,サトゥー,エンJ,ジェネ半,,
,2025/2/17(月),DX3,Chocolate Raiding,viw,かまぼこ肉,あばれぢから,サトゥー,エンJ,ジェネ半,,
,2025/2/18(火),CoC,VOID,ペドロマ,ろうはく,ガ行,ハイドロ,END,,,
,2025/2/19(水),CoC,VOID,ペドロマ,ろうはく,ガ行,ハイドロ,END,,,
,2025/2/21(金),サタスペ,YOUR TURN,デルカ,viw,,,,,,
,2025/2/21(金),マモブル,マモ・マニア,しるべ,べべべ,人音,身の丈,ハイドロ,ガ行,エンJ,
,2025/2/22(土),サタスペ,YOUR TURN,デルカ,viw,,,,,,
,2025/2/22(土),CoC,ここはたのしいうさのくに,曇天,人音,ガ行,,,,,
,2025/2/23(日),CoC,爛爛,天白くん,エンJ,viw,,,,,
,2025/2/23(日),CoC,ここはたのしいうさのくに,曇天,人音,ガ行,,,,,
,2025/2/23(日),銀剣,Unlucky Casino,エンJ,END,くろみうむ,さかい君,デルカ,,,
,2025/2/24(月),銀剣,Unlucky Casino,エンJ,END,くろみうむ,さかい君,デルカ,,,
,2025/2/25(火),CoC,VOID,ペドロマ,ろうはく,ガ行,ハイドロ,END,,,
,2025/2/26(水),CoC,VOID,ペドロマ,ろうはく,ガ行,ハイドロ,END,,,
,2025/2/26(水),CoC,蹂躙するは我が手にて,しるべ,隠光,viw,アンパー,エンJ,,,
,2025/2/27(木),CoC,VOID,ペドロマ,ろうはく,ガ行,ハイドロ,END,,,
,2025/2/27(木),CoC,蹂躙するは我が手にて,しるべ,隠光,viw,アンパー,エンJ,,,
,2025/2/27(木),CoC,うみがめ入りスープ～都市伝説課仕立て～,まいまい,サトゥー,べべべ,,,,,
,2025/3/1(土),CoC,爛爛,天白くん,エンJ,viw,,,,,
,2025/3/2(日),CoC,爛爛,天白くん,エンJ,viw,,,,,
,2025/3/3(月),CoC,爛爛,天白くん,エンJ,viw,,,,,
,2025/3/4(火),CoC,VOID,ペドロマ,ろうはく,ガ行,ハイドロ,END,,,
,2025/3/4(火),CoC,VOID,ペドロマ,ろうはく,ガ行,ハイドロ,END,,,
,2025/3/5(水),CoC,VOID,ペドロマ,ろうはく,ガ行,ハイドロ,END,,,
,2025/3/5(水),CoC,クラウド・ジョーズ～地獄の艦隊～,エンJ,曇天,永遠の受験生,しるべ,べべべ,身の丈,塩害,
,2025/3/5(水),CoC,VOID,ペドロマ,ろうはく,ガ行,ハイドロ,END,,,
,2025/3/5(水),CoC,クラウド・ジョーズ～地獄の艦隊～,エンJ,しるべ,身の丈,曇天,永遠の受験生,塩害,,
,2025/3/6(木),CoC,VOID,ペドロマ,ろうはく,ガ行,ハイドロ,END,,,
,2025/3/6(木),CoC,VOID,ペドロマ,ろうはく,ガ行,ハイドロ,END,,,
,2025/3/7(金),CoC,VOID,ペドロマ,ろうはく,ガ行,ハイドロ,END,,,
,2025/3/7(金),CoC,VOID,ペドロマ,ろうはく,ガ行,ハイドロ,END,,,
,2025/3/7(金),CoC,白昼夢デイト,ミリたら,しるべ,,,,,,
,2025/3/8(土),CoC,VOID,ペドロマ,ろうはく,ガ行,ハイドロ,END,,,
,2025/3/8(土),CoC,VOID,ペドロマ,ろうはく,ガ行,ハイドロ,END,,,
,2025/3/10(月),CoC,知らぬが手向け,天白くん,viw,ろうはく,無銘,,,,
,2025/3/11(火),CoC,爛爛,天白くん,エンJ,viw,,,,,
,2025/3/12(水),CoC,爛爛,天白くん,エンJ,viw,,,,,
,2025/3/13(木),CoC,爛爛,天白くん,エンJ,viw,,,,,
,2025/3/13(木),マモブル,マモ・マニア,しるべ,永遠の受験生,アンパー,あばれぢから,ペドロマ,等々力,,
,2025/3/13(木),CoC,俺たちの同人誌が出回ってるんだが！？,ガ行,人音,ガ行,,,,,
,2025/3/17(月),CoC,エクソシスト vs 霊能者,天白くん,viw,エンJ,,,,,
,2025/3/17(月),S2G,スラップスティック・ガール,あばれぢから,ハイドロ,まいまい,ペドロマ,McCloud,こいつ,,
,2025/3/18(火),CoC,鰯と柊（アンパー×永遠の受験生）,しるべ,アンパー,永遠の受験生,,,,,
,2025/3/18(火),CoC,エクソシスト vs 霊能者,天白くん,viw,エンJ,,,,,
,2025/3/18(火),S2G,スラップスティック・ガール,あばれぢから,ハイドロ,まいまい,ペドロマ,McCloud,こいつ,,
,2025/3/19(水),CoC,鰯と柊（アンパー×永遠の受験生）,しるべ,アンパー,永遠の受験生,,,,,
,2025/3/20(木),CoC,鰯と柊（アンパー×永遠の受験生）,しるべ,アンパー,永遠の受験生,,,,,
,2025/3/20(木),CoC,エクソシスト vs 霊能者,天白くん,ミリたら,ハイドロ,,,,,
,2025/3/21(金),CoC,卓スタダ-mini d,エンJ,Tatsuya,こいつ,不学,えら釘数学ららじばら,チョコ味バームクーヘン,,
,2025/3/21(金),CoC,悪霊の家,エンJ,Tatsuya,こいつ,不学,えら釘数学ららじばら,チョコ味バームクーヘン,,
,2025/3/22(土),CoC,卓スタダ-mini d,エンJ,Tatsuya,こいつ,不学,えら釘数学ららじばら,チョコ味バームクーヘン,,
,2025/3/22(土),CoC,鰯と柊（アンパー×永遠の受験生）,しるべ,アンパー,永遠の受験生,,,,,
,2025/3/22(土),CoC,悪霊の家,エンJ,Tatsuya,こいつ,不学,えら釘数学ららじばら,チョコ味バームクーヘン,,
,2025/3/23(日),CoC,誰がロックを殺すのか（大宇宙キングサーモン）,エンJ,こまり,チョコ味バームクーヘン,人音,塩害,,,
,2025/3/23(日),CoC,鰯と柊（アンパー×永遠の受験生）,しるべ,アンパー,永遠の受験生,,,,,
,2025/3/23(日),CoC,誰がロックを殺すのか,エンJ,こまり,チョコ味バームクーヘン,人音,塩害,,,
,2025/3/24(月),CoC,誰がロックを殺すのか（大宇宙キングサーモン）,エンJ,こまり,チョコ味バームクーヘン,人音,塩害,,,
,2025/3/24(月),CoC,鰯と柊（アンパー×永遠の受験生）,しるべ,アンパー,永遠の受験生,,,,,
,2025/3/24(月),CoC,誰がロックを殺すのか,エンJ,こまり,チョコ味バームクーヘン,人音,塩害,,,
,2025/3/25(火),CoC,鰯と柊,しるべ,アンパー,永遠の受験生,,,,,
,2025/3/27(木),CoC,キルキルイキル,しるべ,身の丈,べべべ,,,,,
,2025/3/28(金),サタスペ,ラバーバンド・ザ・ネバーランド,デルカ,エンJ,サトゥー,まいまい,あばれぢから,ハイドロ,,
,2025/3/29(土),サタスペ,ラバーバンド・ザ・ネバーランド,デルカ,エンJ,サトゥー,まいまい,あばれぢから,ハイドロ,,
,2025/3/29(土),銀剣,偽りの嘘-コードフェイク-,ミリたら,永遠の受験生,ミリたら,身の丈,,,,
,2025/3/30(日),銀剣,偽りの嘘-コードフェイク-,ミリたら,永遠の受験生,ミリたら,身の丈,,,,
,2025/3/31(月),CoC,オルガノドロイド,エンJ,曇天,エンJ,,,,,
,2025/4/1(火),CoC,やさしいキミのこわしかた,べべべ,身の丈,べべべ,,,,,
,2025/4/1(火),EXB,Lie And Role-Play!,viw,エンJ,CΘST,まいまい,ろうはく,ハイドロ,,
,2025/4/3(木),CoC,卓スタダ-mini b（仮）,viw,ガ行,曇天,身の丈,ともしげ,しるべ,,
,2025/4/4(金),CoC,卓スタダ-mini b（仮）,viw,ガ行,曇天,身の丈,ともしげ,しるべ,,
,2025/4/5(土),サタスペ,自販機は揺れる,隠光,エンJ,黒ごま,viw,サトゥー,あばれぢから,,
,2025/4/6(日),サタスペ,自販機は揺れる,隠光,エンJ,黒ごま,viw,サトゥー,あばれぢから,,
,2025/4/9(水),CoC,卓スタダ-mini c（仮）,エンJ,ROM,あばれぢから,まかき,オワタ,くれいど,,
,2025/4/10(木),CoC,卓スタダ-mini c（仮）,エンJ,ROM,あばれぢから,まかき,オワタ,くれいど,,
,2025/4/11(金),CoC-㊙,VOID,ペドロマ,まいまい,しるべ,,,,,
,2025/4/12(土),CoC-㊙,VOID,ペドロマ,viw,くろみうむ,,,,,
,2025/4/13(日),CoC-㊙,VOID,ペドロマ,まいまい,しるべ,viw,くろみうむ,,,
,2025/4/14(月),マモブル,サブアーバン・バンパイア,あばれぢから,身の丈,ハイドロ,べべべ,ミリたら,黒ごま,,
,2025/4/15(火),CoC-㊙,VOID,ペドロマ,まいまい,しるべ,viw,くろみうむ,,,
,2025/4/16(水),CoC-㊙,VOID,ペドロマ,まいまい,しるべ,viw,くろみうむ,,,
,2025/4/16(水),サタスペ,誌・肢・死・４,エンJ,アンパー,END,曇天,ハイドロ,,,
,2025/4/17(木),CoC-㊙,VOID,ペドロマ,まいまい,しるべ,viw,くろみうむ,,,
,2025/4/17(木),サタスペ,誌・肢・死・４,エンJ,アンパー,END,曇天,ハイドロ,,,
,2025/4/18(金),CoC-㊙,誰がロックを殺すのか（heAR）,あばれぢから,ミリたら,永遠の受験生,まるてん,まいまい,,,
,2025/4/18(金),サタスペ,誌・肢・死・４,エンJ,アンパー,END,曇天,ハイドロ,,,
,2025/4/19(土),マモブル,サブアーバン・バンパイア,,,,,,,,
,2025/4/20(日),CoC-㊙,VOID,ペドロマ,まいまい,しるべ,viw,くろみうむ,,,
,2025/4/21(月),CoC-㊙,誰がロックを殺すのか（heAR）,あばれぢから,ミリたら,永遠の受験生,まるてん,まいまい,,,
,2025/4/22(火),CoC-㊙,誰がロックを殺すのか（heAR）,あばれぢから,ミリたら,永遠の受験生,まるてん,まいまい,,,
,2025/4/23(水),CoC-㊙,ロトカ・ヴォルテラの仇討ち,しるべ,あばれぢから,べべべ,,,,,
,2025/4/23(水),サタスペ,誌・肢・死・４,エンJ,アンパー,END,曇天,ハイドロ,,,
,2025/4/24(木),CoC-㊙,ロトカ・ヴォルテラの仇討ち,,,,,,,,
,2025/4/24(木),CoC,クラウド・ジョーズ～地獄の艦隊～,エンJ,天白くん,アンパー,無銘,海王,人音,,
,2025/4/25(金),CoC,うみがめ入りスープ,まいまい,無銘,デルカ,身の丈,ハイドロ,,,
,2025/4/26(土),CoC-㊙,片鱗,エンJ,くれいど,人音,,,,,
,2025/4/29(火),マモブル,サブアーバン・バンパイア,,,,,,,,
1,2025/5/1(木),CoC-㊙,ようこそ！迷冥市役所都市伝説課へ！,あばれぢから,ガ行,ろうはく,,,,,
2,2025/5/3(土),CoC-㊙,ようこそ！迷冥市役所都市伝説課へ！,あばれぢから,ガ行,ろうはく,,,,,
3,2025/5/5(月),CoC-㊙,ようこそ！迷冥市役所都市伝説課へ！,あばれぢから,ガ行,ろうはく,,,,,
4,2025/5/6(火),サタスペ,亜侠はどこからくるの？,viw,エンJ,デルカ,曇天,,,,
5,2025/5/7(水),サタスペ,亜侠はどこからくるの？,viw,エンJ,デルカ,曇天,,,,
6,2025/5/8(木),CoC,████が消えた夏,べべべ,エンJ,アンパー,,,,,
7,2025/5/9(金),CoC,████が消えた夏,べべべ,エンJ,アンパー,,,,,
,2025/5/12(月),CoC,ここはたのしいうさのくに,人音,くれいど,,,,,,
,2025/5/13(火),CoC,ここはたのしいうさのくに,人音,くれいど,,,,,,
,2025/5/17(土),CoC,卓スタダ-mini a（仮）,エンJ,弁財天,ろうはく,おらり,御花なお,ざらめ,,
,2025/5/18(日),CoC,卓スタダ-mini a（仮）,エンJ,弁財天,ろうはく,おらり,御花なお,ざらめ,,
,2025/5/19(月),銀剣,イクリプス銀剣,べべべ,身の丈,ミリたら,,,,,
,2025/5/19(月),銀剣,湯けむり決闘紀行,viw,かまぼこ肉,あばれぢから,END,,,,
,2025/5/20(火),マモブル,ファインド・マイフレンド（ガ行）,しるべ,ガ行,,,,,,
,2025/5/20(火),銀剣,イクリプス銀剣,べべべ,身の丈,ミリたら,,,,,
,2025/5/20(火),銀剣,湯けむり決闘紀行,viw,かまぼこ肉,あばれぢから,END,,,,
,2025/5/22(木),マモブル,ファインド・マイフレンド（曇天）,しるべ,曇天,,,,,,
,2025/5/24(土),サタスペ,サタデーナイト・ショータイム！,デルカ,しるべ,くろみうむ,ガ行,エンJ,まるてん,,
,2025/5/24(土),CoC,ここはたのしいうさのくに,しるべ,まいまい,,,,,,
,2025/5/25(日),サタスペ,サタデーナイト・ショータイム！,デルカ,しるべ,くろみうむ,ガ行,エンJ,まるてん,,
,2025/5/25(日),CoC,ここはたのしいうさのくに,しるべ,まいまい,,,,,,
,2025/5/26(月),CoC,エクソシスト vs 霊能者,天白くん,くろみうむ,まいまい,,,,,
,2025/5/27(火),CoC,エクソシスト vs 霊能者,天白くん,くろみうむ,まいまい,,,,,
,2025/5/28(水),CoC,エクソシスト vs 霊能者,天白くん,くろみうむ,まいまい,,,,,
,2025/5/28(水),CoC-㊙,片鱗,エンJ,ガ行,viw,,,,,
,2025/5/29(木),CoC-㊙,片鱗,エンJ,ガ行,viw,,,,,
,2025/5/30(金),CoC,クラウド・ジョーズ～地獄の艦隊～,エンJ,隠光,あんみつ,Forkel,vara,kelp,,
,2025/5/31(土),CoC,ここはたのしいうさのくに,しるべ,viw,くろみうむ,,,,,
,2025/6/1(日),CoC,ここはたのしいうさのくに,しるべ,viw,くろみうむ,,,,,
,2025/6/3(火),SW2.5,お前らvs邪教,エンJ,vara,こまり,黒ごま,まるてん,人音,,
,2025/6/4(水),CoC-㊙,ビスポークランドでなにがあったか？,天白くん,viw,アンパー,エンJ,,,,
,2025/6/5(木),CoC-㊙,ビスポークランドでなにがあったか？,天白くん,viw,アンパー,エンJ,,,,
,2025/6/6(金),CoC,全部お前かよ(VOIDC陣継続),しるべ,まいまい,,,,,,
,2025/6/7(土),SW2.5,侭造幻域 ベネポレンス,黒ごま,きられ,あばれぢから,エンJ,永遠の受験生,,,
,2025/6/8(日),SW2.5,侭造幻域 ベネポレンス,黒ごま,きられ,あばれぢから,エンJ,永遠の受験生,,,
,2025/6/9(月),CoC,輾転と町は,ペドロマ,しるべ,エンJ,,,,,
,2025/6/10(火),CoC-㊙,累卵,しるべ,アンパー,まいまい,,,,,
,2025/6/11(水),CoC-㊙,累卵,しるべ,アンパー,まいまい,,,,,
,2025/6/12(木),CoC,輾転と町は,ペドロマ,永遠の受験生,ハイドロ,,,,,
,2025/6/12(木),CoC-㊙,累卵,しるべ,アンパー,まいまい,,,,,
,2025/6/13(金),SW2.5,魔動月ワーゼンバウラー 外郭編,隠光,まるてん,ハイドロ,人音,viw,,,
,2025/6/14(土),CoC,卓スタダ-mini e（仮）,エンJ,デルカ,フニャゲ,Rokkan,べべべ,阿畑,,
,2025/6/15(日),CoC,卓スタダ-mini e（仮）,エンJ,デルカ,フニャゲ,Rokkan,べべべ,阿畑,,
,2025/6/16(月),CoC,卓スタダ-mini f（仮）,エンJ,ハチェット,CΘST,まどらー,壱円,かまなべ,mathya,
,2025/6/17(火),CoC,卓スタダ-mini f（仮）,エンJ,ハチェット,CΘST,まどらー,壱円,かまなべ,mathya,
,2025/6/19(木),CoC-㊙,かいぶつたちとマホラカルト,まいまい,エンJ,あばれぢから,ペドロマ,しるべ,,,
,2025/6/20(金),CoC-㊙,かいぶつたちとマホラカルト,まいまい,エンJ,あばれぢから,ペドロマ,しるべ,,,
,2025/6/20(金),CoC,ここはたのしいうさのくに,身の丈,べべべ,,,,,,
,2025/6/20(金),CoC,アンチ・エイジング・コメディ,人音,くれいど,,,,,,
,2025/6/21(土),CoC-㊙,かいぶつたちとマホラカルト,まいまい,エンJ,あばれぢから,ペドロマ,しるべ,,,
,2025/6/21(土),CoC,ここはたのしいうさのくに,身の丈,べべべ,,,,,,
,2025/6/22(日),CoC-㊙,かいぶつたちとマホラカルト,まいまい,エンJ,あばれぢから,ペドロマ,しるべ,,,
,2025/6/23(月),SW2.5,魔動月ワーゼンバウラー 外郭編,隠光,vara,エンJ,黒ごま,アンパー,あんみつ,,
,2025/6/24(火),CoC-㊙,鰯と柊,しるべ,人音,ろうはく,,,,,
,2025/6/25(水),CoC-㊙,鰯と柊,しるべ,人音,ろうはく,,,,,
,2025/6/26(木),CoC-㊙,鰯と柊,しるべ,人音,ろうはく,,,,,
,2025/6/27(金),DX3,Golden Dark Age,あばれぢから,McCloud,Amalgam,くろみうむ,エンJ,隠光,,
,2025/6/28(土),DX3,Golden Dark Age,あばれぢから,McCloud,Amalgam,くろみうむ,エンJ,隠光,,
,2025/6/28(土),CoC,████が消えた夏,べべべ,まいまい,曇天,,,,,
,2025/6/29(日),CoC-㊙,鰯と柊,しるべ,人音,ろうはく,,,,,
,2025/6/29(日),SW2.5,せめて簡単であってほしいお仕事,viw,サトゥー,隠光,vara,黒ごま,,,
,2025/6/30(月),CoC-㊙,鰯と柊,しるべ,人音,ろうはく,,,,,
,2025/6/30(月),SW2.5,せめて簡単であってほしいお仕事,viw,サトゥー,隠光,vara,黒ごま,,,
,2025/7/4(金),CoC,ずぶぬれずんだもちかいぶつ教の真実,天白くん,エンJ,viw,,,,,
,2025/7/5(土),CoC,ずぶぬれずんだもちかいぶつ教の真実,天白くん,エンJ,viw,,,,,
,2025/7/5(土),CoC,探索者 vs マルウェア,しるべ,身の丈,べべべ,,,,,
,2025/7/6(日),CoC,ずぶぬれずんだもちかいぶつ教の真実,天白くん,エンJ,viw,,,,,
,2025/7/8(火),SW2.5,ヒドラ討伐ソロ！,エンJ,野生のエビカツ,,,,,,
,2025/7/11(金),サタスペ,とある村の奇祭について,アンパー,曇天,しるべ,エンJ,viw,ハイドロ,,
,2025/7/12(土),SW2.5,一日勇者・一触即発,あばれぢから,まんぼう,エンJ,まるてん,McCloud,隠光,,
,2025/7/13(日),CoC-㊙,累卵 - 受ベベ,しるべ,永遠の受験生,べべべ,,,,,
,2025/7/13(日),SW2.5,一日勇者・一触即発,あばれぢから,まんぼう,エンJ,まるてん,McCloud,coming soon…,,
,2025/7/14(月),SW2.5,侭造幻域 ベネポレンス-B,黒ごま,アンパー,デルカ,kelping,隠光,,,
,2025/7/15(火),SW2.5,侭造幻域 ベネポレンス-B,黒ごま,アンパー,デルカ,kelping,隠光,,,
,2025/7/17(木),CoC-㊙,累卵 - 受ベベ,しるべ,永遠の受験生,べべべ,,,,,
,2025/7/19(土),CoC-㊙,累卵 - 受ベベ,しるべ,永遠の受験生,べべべ,,,,,
,2025/7/20(日),CoC-㊙,累卵 - Jびう,天白くん,viw,エンJ,,,,,
,2025/7/21(月),CoC-㊙,累卵 - 受ベベ,しるべ,永遠の受験生,べべべ,,,,,
,2025/7/23(水),マモブル,ファインド・マイフレンド,しるべ,くろみうむ,,,,,,
,2025/7/23(水),CoC,腐乱腐乱,しるべ,エンJ,,,,,,
,2025/7/24(木),CoC,けだもの窟に吠ゆる頃に,エンJ,えら釘数学ららじばら,黒ごま,,,,,
,2025/7/25(金),CoC,けだもの窟に吠ゆる頃に,エンJ,えら釘数学ららじばら,黒ごま,,,,,
,2025/7/26(土),CoC,卓スタダ-mini g,エンJ,END,D0KU,Rokkan,野生のエビカツ,,,
,2025/7/27(日),CoC,卓スタダ-mini g,エンJ,END,D0KU,Rokkan,野生のエビカツ,,,
,2025/7/27(日),CoC,腐乱腐乱,しるべ,あばれぢから,,,,,,
,2025/7/27(日),CoC,美術館ホラーRTA,しるべ,エンJ,,,,,,
,2025/8/2(土),CoC-㊙,VOIDC陣継続　色々行くぞ,しるべ,まいまい,しるべ,,,,,
,2025/8/4(月),DX3,Legendary Show-ya!-N,エンJ,ハイドロ,Tatsuya,あばれぢから,こいつ,,,
,2025/8/5(火),DX3,Legendary Show-ya!-N,エンJ,ハイドロ,Tatsuya,あばれぢから,こいつ,,,
,2025/8/6(水),SW2.5,侭造幻域 ベネポレンス-C,黒ごま,曇天,人音,まるてん,ハイドロ,,,
,2025/8/7(木),SW2.5,侭造幻域 ベネポレンス-C,黒ごま,曇天,人音,まるてん,ハイドロ,,,
,2025/8/16(土),サタスペ,誌・肢・死・４,エンJ,あばれぢから,まいまい,サトゥー,黒ごま,,,
,2025/8/17(日),サタスペ,誌・肢・死・４,エンJ,あばれぢから,まいまい,サトゥー,黒ごま,,,
,2025/8/18(月),サタスペ,誌・肢・死・４,エンJ,あばれぢから,まいまい,サトゥー,黒ごま,,,
,2025/8/19(火),銀剣,A long(ing/ed) for Phantasia.,ハイドロ,アンパー,ガ行,人音,,,,
,2025/8/19(火),サタスペ,誌・肢・死・４,エンJ,あばれぢから,まいまい,サトゥー,黒ごま,,,
,2025/8/20(水),SW2.5,卓スタダ-mini c,エンJ,ともしげ,しるべ,とーむ玲小,野生のエビカツ,D0KU,,
,2025/8/20(水),銀剣,A long(ing/ed) for Phantasia.,ハイドロ,アンパー,ガ行,人音,,,,
,2025/8/21(木),SW2.5,卓スタダ-mini c,エンJ,ともしげ,しるべ,とーむ玲小,野生のエビカツ,D0KU,,
,2025/8/22(金),CoC,探索者vsマルウェア(VOID継続),しるべ,viw,くろみうむ,,,,,
,2025/8/24(日),SW2.5,卓スタダ-mini a,エンJ,御花なお,阿畑,くれいど,記事口授,ハイドロ,,
,2025/8/25(月),SW2.5,卓スタダ-mini a,エンJ,御花なお,阿畑,くれいど,記事口授,ハイドロ,,
,2025/8/26(火),CoC,輾転と町は,しるべ,べべべ,サトゥー,,,,,
,2025/8/27(水),CoC-㊙,誰がロックを殺すのか,エンJ,くろみうむ,ハイドロ,曇天,ガ行,,,
,2025/8/27(水),CoC,うみがめ入りスープ,まいまい,まるてん,まどらー,阿畑,壱円,,,
,2025/8/28(木),CoC-㊙,誰がロックを殺すのか,エンJ,くろみうむ,ハイドロ,曇天,ガ行,,,
,2025/8/28(木),CoC-㊙,"Hello, Dear Mine (VOID継続)",しるべ,まいまい,,,,,,
,2025/8/30(土),CoC,七伏ケープタワー,まいまい,身の丈,ガ行,永遠の受験生,曇天,,,
,2025/8/30(土),マモブル,オトシモノ・サガシマモノ,しるべ,,,,,,,
,2025/8/31(日),SW2.5,卓スタダ-mini b,エンJ,ガ行,viw,よっち,ミリたら,,,
,2025/9/1(月),SW2.5,卓スタダ-mini b,エンJ,ガ行,viw,よっち,ミリたら,,,
,2025/9/2(火),サタスペ,卑龍番外決戦,アンパー,まいまい,,,,,,
,2025/9/4(木),SW2.5,吹雪の山荘 ～エイタ村連続失踪事件～,エンJ,ともしげ,ハイドロ,ROM,阿畑,END,,
,2025/9/5(金),SW2.5,吹雪の山荘 ～エイタ村連続失踪事件～,エンJ,ともしげ,ハイドロ,ROM,阿畑,END,,
,2025/9/6(土),SW2.5,せめて簡単であってほしいお仕事,viw,まいまい,エンJ,アンパー,ハイドロ,デルカ,,
,2025/9/7(日),CoC-㊙,鰯と柊 - 曇ガ,しるべ,曇天,ガ行,,,,,
,2025/9/7(日),SW2.5,せめて簡単であってほしいお仕事,viw,まいまい,エンJ,アンパー,ハイドロ,デルカ,,
,2025/9/8(月),CoC-㊙,鰯と柊 - 曇ガ,しるべ,曇天,ガ行,,,,,
,2025/9/8(月),ネクロニカ,赤ずきんグリム,あばれぢから,エンJ,くろみうむ,ふろさん,ダーム,,,
,2025/9/9(火),CoC-㊙,鰯と柊 - 曇ガ,しるべ,曇天,ガ行,,,,,
,2025/9/9(火),ネクロニカ,赤ずきんグリム,あばれぢから,エンJ,くろみうむ,ふろさん,ダーム,,,
,2025/9/10(水),CoC,目死卓（７版）,まいまい,エンJ,ハイドロ,ペドロマ,アンパー,,,
,2025/9/11(木),CoC,クラウド・ジョーズ,エンJ,まるてん,くろみうむ,等々力,ろうはく,オワタ,,
,2025/9/12(金),CoC-㊙,鰯と柊 - 曇ガ,しるべ,曇天,ガ行,,,,,
,2025/9/13(土),CoC-㊙,鰯と柊 - 曇ガ,しるべ,曇天,ガ行,,,,,
,2025/9/13(土),CoC,ずぶぬれずんだもちかいぶつ教の真実,天白くん,あばれぢから,まいまい,,,,,
,2025/9/14(日),CoC-㊙,鰯と柊 - 曇ガ,しるべ,曇天,ガ行,,,,,
,2025/9/14(日),CoC,ずぶぬれずんだもちかいぶつ教の真実,天白くん,あばれぢから,まいまい,,,,,
,2025/9/17(水),CoC,5W1H,ペドロマ,エンJ,まどらー,ハイドロ,,,,
,2025/9/18(木),CoC,5W1H,ペドロマ,エンJ,まどらー,ハイドロ,,,,
,2025/9/18(木),CoC-㊙継,フルダイブエスケープ (VOID継続),まいまい,しるべ,まいまい,,,,,
,2025/9/19(金),CoC,5W1H,ペドロマ,エンJ,まどらー,ハイドロ,,,,
,2025/9/20(土),サタスペ,びしょぬれ,デルカ,ハイドロ,しるべ,アンパー,エンJ,,,
,2025/9/21(日),サタスペ,びしょぬれ,デルカ,ハイドロ,しるべ,アンパー,エンJ,,,
,2025/9/22(月),マモブル,あなたは｜好きですか？,しるべ,べべべ,人音,身の丈,ハイドロ,ガ行,,
,2025/9/23(火),CoC,目死卓（６版）,まいまい,くろみうむ,べべべ,無銘,塩害,,,
,2025/9/23(火),CoC-㊙,VOID導入,ペドロマ,人音,アンパー,,,,,
,2025/9/26(金),CoC-㊙,誰が為のソティラス,天白くん,エンJ,viw,,,,,
,2025/9/27(土),CoC-㊙,誰が為のソティラス,天白くん,エンJ,viw,,,,,
,2025/10/1(水),CoC,目死卓（６版）,まいまい,くろみうむ,べべべ,無銘,塩害,,,
,2025/10/4(土),CoC-㊙,累卵 - サト隠,まいまい,サトゥー,隠光,,,,,
,2025/10/4(土),CoC-㊙,VOID導入,ペドロマ,こいつ,くれいど,,,,,
,2025/10/4(土),銀剣,ラストダンスを私と踊って,あばれぢから,アンパー,永遠の受験生,,,,,
,2025/10/5(日),CoC-㊙,累卵 - サト隠,まいまい,サトゥー,隠光,,,,,
,2025/10/5(日),銀剣,ラストダンスを私と踊って,あばれぢから,アンパー,永遠の受験生,,,,,
,2025/10/8(水),DX3,卓スタダmini-a『Crumble Days』,エンJ,ふろさん,阿畑,ハイドロ,kelping,END,,
,2025/10/9(木),DX3,卓スタダmini-a『Crumble Days』,エンJ,ふろさん,阿畑,ハイドロ,kelping,END,,
,2025/10/10(金),SW2.5,ヴァーチュアル・ラビット,,,,,,,,
,2025/10/10(金),CoC-㊙継,老人は何を忘れたか（片鱗継続）,まいまい,べべべ,身の丈,,,,,
,2025/10/11(土),SW2.5,ヴァーチュアル・ラビット,,,,,,,,
,2025/10/15(水),CoC-㊙継,相棒が猫型配膳ロボットになってるんだが！？,しるべ,まいまい,,,,,,
,2025/10/16(木),CoC-㊙継,サイドチェンジ,天白くん,エンJ,viw,,,,,
,2025/10/18(土),DX3,卓スタダmini-b『World End Juvenile』,エンJ,海王,白,記事口授,まどらー,くれいど,,
,2025/10/19(日),DX3,卓スタダmini-b『World End Juvenile』,エンJ,海王,白,記事口授,まどらー,くれいど,,
,2025/10/19(日),マモブル,オトシモノ・サガシマモノ,しるべ,えのき,,,,,,
,2025/10/20(月),DX3,Legendary Show-ya!-H,エンJ,END,まいまい,kelping,くろみうむ,野生のエビカツ,,
,2025/10/21(火),DX3,Legendary Show-ya!-H,エンJ,END,まいまい,kelping,くろみうむ,野生のエビカツ,,
,2025/10/22(水),CoC-㊙,累卵 - ドロ ドロ,まいまい,ペドロマ,ハイドロ,,,,,
,2025/10/22(水),CoC-㊙,████が消えた夏,べべべ,天白くん,ふろさん,,,,,
,2025/10/23(木),CoC-㊙,████が消えた夏,べべべ,天白くん,ふろさん,,,,,
,2025/10/24(金),CoC-㊙,████が消えた夏,べべべ,天白くん,ふろさん,,,,,
,2025/10/25(土),CoC-㊙,累卵 - ドロ ドロ,まいまい,ペドロマ,ハイドロ,,,,,
,2025/10/28(火),SW2.5,帝国の鉢巻亭のちょっと変わった一日,エンJ,viw,隠光,アンパー,Forkel,,,
,2025/10/29(水),SW2.5,帝国の鉢巻亭のちょっと変わった一日,エンJ,viw,隠光,アンパー,Forkel,,,
,2025/11/4(火),CoC-㊙継,探索者vs神話的デカ盛り定食,しるべ,まいまい,viw,くろみうむ,,,,
,2025/11/5(水),SW2.5,あるいは鉄と波の歌,あばれぢから,あんみつ,人音,隠光,黒ごま,,,
,2025/11/6(木),SW2.5,あるいは鉄と波の歌,あばれぢから,あんみつ,人音,隠光,黒ごま,,,
,2025/11/7(金),SW2.5,あるいは鉄と波の歌,あばれぢから,あんみつ,人音,隠光,黒ごま,,,
,2025/11/10(月),CoC-㊙,VOID,ペドロマ,人音,アンパー,こいつ,くれいど,,,
,2025/11/11(火),CoC-㊙,VOID,ペドロマ,人音,アンパー,こいつ,くれいど,,,
,2025/11/12(水),CoC-㊙,VOID,ペドロマ,人音,アンパー,こいつ,くれいど,,,
,2025/11/14(金),SW2.5,万象の奇夜,あばれぢから,エンJ,まいまい,ハイドロ,デルカ,,,
,2025/11/15(土),SW2.5,万象の奇夜,あばれぢから,エンJ,まいまい,ハイドロ,デルカ,,,
,2025/11/16(日),SW2.5,万象の奇夜,あばれぢから,エンJ,まいまい,ハイドロ,デルカ,,,
,2025/11/18(火),サタスペ,Bank Rush,エンJ,あばれぢから,デルカ,まるてん,塩害,,,
,2025/11/19(水),サタスペ,Bank Rush2,エンJ,あばれぢから,デルカ,まるてん,塩害,,,
,2025/11/20(木),CoC-㊙継,フルダイブエスケープ(真田 x ソラブキ),まいまい,エンJ,曇天,,,,,
,2025/11/21(金),CoC-㊙,純潔と鉄血,ペドロマ,アンパー,しるべ,,,,,
,2025/11/22(土),CoC-㊙,純潔と鉄血,ペドロマ,アンパー,しるべ,,,,,
,2025/11/23(日),SW2.5,天の光はすべて……（1陣）,ハイドロ,あばれぢから,隠光,サトゥー,黒ごま,,,
,2025/11/24(月),CoC-㊙,純潔と鉄血,ペドロマ,アンパー,しるべ,,,,,
,2025/11/24(月),SW2.5,天の光はすべて……（1陣）,ハイドロ,あばれぢから,隠光,サトゥー,黒ごま,,,
,2025/11/25(火),CoC,初恋性 ストックホルム症候群(まい丈),まいまい,身の丈,,,,,,
,2025/11/25(火),CoC-㊙,純潔と鉄血,ペドロマ,アンパー,しるべ,,,,,
,2025/11/25(火),SW2.5,天の光はすべて……（1陣）,ハイドロ,あばれぢから,隠光,サトゥー,黒ごま,,,
,2025/11/26(水),SW2.5,天の光はすべて……（1陣）,ハイドロ,あばれぢから,隠光,サトゥー,黒ごま,,,
,2025/11/27(木),DX3,卓スタダmini-c,エンJ,野生のエビカツ,曇天,べべべ,ガ行,まどらー,,
,2025/11/27(木),CoC-㊙,純潔と鉄血,ペドロマ,アンパー,しるべ,,,,,
,2025/11/28(金),DX3,卓スタダmini-c,エンJ,野生のエビカツ,曇天,べべべ,ガ行,まどらー,,
,2025/11/29(土),CoC,探索者vs神話的デカ盛り定食,しるべ,エンJ,ハイドロ,ガ行,ペドロマ,,,
,2025/11/30(日),ネクロニカ,軍靴は止まず,エンJ,等々力,くろみうむ,あばれぢから,ペドロマ,,,
,2025/12/1(月),ネクロニカ,終末クロウラー,エンJ,等々力,くろみうむ,あばれぢから,ペドロマ,,,
,2025/12/2(火),CoC,冒涜的な工口広告が消えない！,しるべ,あばれぢから,,,,,,
,2025/12/3(水),CoC,冒涜的な工口広告が消えない！,しるべ,あばれぢから,,,,,,
,2025/12/8(月),その他,「　にたいひまわり」,あばれぢから,エンJ,ハイドロ,しるべ,デルカ,,,
,2025/12/9(火),SW2.5,天の光はすべて……（2陣）,ハイドロ,エンJ,アンパー,END,まるてん,,,
,2025/12/10(水),SW2.5,天の光はすべて……（2陣）,ハイドロ,エンJ,アンパー,END,まるてん,,,
,2025/12/10(水),その他,「Sleep Walk Metropolis」,あばれぢから,隠光,,,,,,
,2025/12/11(木),SW2.5,天の光はすべて……（2陣）,ハイドロ,エンJ,アンパー,END,まるてん,,,
,2025/12/12(金),SW2.5,天の光はすべて……（2陣）,ハイドロ,エンJ,アンパー,END,まるてん,,,
,2025/12/13(土),サタスペ,煌ク天,デルカ,アンパー,エンJ,あばれぢから,まいまい,,,
,2025/12/14(日),サタスペ,煌ク天,デルカ,アンパー,エンJ,あばれぢから,まいまい,,,
,2025/12/16(火),SW2.5,天の光はすべて……（2陣）ED,ハイドロ,エンJ,アンパー,END,まるてん,,,
,2025/12/17(水),CoC-㊙,ロトカ・ヴォルテラの愛堕討ち,しるべ,曇天,エンJ,,,,,
,2025/12/18(木),CoC-㊙,ロトカ・ヴォルテラの愛堕討ち,しるべ,曇天,エンJ,,,,,
,2025/12/19(金),CoC-㊙,ロトカ・ヴォルテラの愛堕討ち,しるべ,曇天,エンJ,,,,,
,2025/12/22(月),CoC-㊙,かいマホ - B,まいまい,デルカ,ハイドロ,END,viw,,,
,2025/12/22(月),CoC-㊙,純潔と鉄血,ペドロマ,身の丈,曇天,,,,,
,2025/12/23(火),CoC-㊙,かいマホ - B,まいまい,デルカ,ハイドロ,END,viw,,,
,2025/12/23(火),CoC-㊙,純潔と鉄血,ペドロマ,身の丈,曇天,,,,,
,2025/12/24(水),CoC-㊙,かいマホ - B,まいまい,デルカ,ハイドロ,END,viw,,,
,2025/12/24(水),CoC-㊙,純潔と鉄血,ペドロマ,身の丈,曇天,,,,,
,2025/12/25(木),CoC-㊙,かいマホ - B,まいまい,デルカ,ハイドロ,END,viw,,,
,2025/12/25(木),CoC-㊙,純潔と鉄血,ペドロマ,身の丈,曇天,,,,,
,2025/12/26(金),SW2.5,城と奇跡と魔法王,隠光,エンJ,アンパー,END,サトゥー,ハイドロ,,
,2025/12/26(金),CoC-㊙,純潔と鉄血,ペドロマ,身の丈,曇天,,,,,
,2025/12/27(土),SW2.5,城と奇跡と魔法王,隠光,エンJ,アンパー,END,サトゥー,ハイドロ,,
,2025/12/28(日),SW2.5,城と奇跡と魔法王,隠光,エンJ,アンパー,END,サトゥー,ハイドロ,,
,2026/1/4(日),CoC-㊙継,無辜なきかいぶつたちのカオス,まいまい,あばれぢから,エンJ,しるべ,ペドロマ,,,
,2026/1/5(月),CoC-㊙継,無辜なきかいぶつたちのカオス,まいまい,あばれぢから,エンJ,しるべ,ペドロマ,,,
,2026/1/6(火),CoC-㊙継,無辜なきかいぶつたちのカオス,まいまい,あばれぢから,エンJ,しるべ,ペドロマ,,,
,2026/1/9(金),SW2.5,舞台の外の奈落,あばれぢから,名無し狐,アンパー,END,viw,,,
,2026/1/10(土),SW2.5,舞台の外の奈落,あばれぢから,名無し狐,アンパー,END,viw,,,
,2026/1/10(土),CoC-㊙,鰯と柊,しるべ,くろみうむ,等々力,,,,,
,2026/1/11(日),SW2.5,舞台の外の奈落,あばれぢから,名無し狐,アンパー,END,viw,,,
,2026/1/11(日),CoC-㊙,鰯と柊,しるべ,くろみうむ,等々力,,,,,
,2026/1/12(月),SW2.5,舞台の外の奈落,あばれぢから,名無し狐,アンパー,END,viw,,,
,2026/1/12(月),CoC-㊙,鰯と柊,しるべ,くろみうむ,等々力,,,,,
,2026/1/13(火),CoC-㊙,鰯と柊,しるべ,くろみうむ,等々力,,,,,
,2026/1/13(火),CoC-㊙,純潔と鉄血,ペドロマ,ハイドロ,まるてん,,,,,
,2026/1/15(木),CoC-㊙,純潔と鉄血,ペドロマ,ハイドロ,まるてん,,,,,
,2026/1/16(金),CoC-㊙,純潔と鉄血,ペドロマ,ハイドロ,まるてん,,,,,
,2026/1/18(日),CoC,七伏ケープタワー,まいまい,あばれぢから,天白くん,死の古代魚ｻｶﾊﾞﾝﾃﾞｽﾋﾟｽ,,,,
,2026/1/20(火),CoC-㊙,純潔と鉄血,ペドロマ,ハイドロ,まるてん,,,,,
,2026/1/21(水),SW2.5,絡め取られた王の遺跡,名無し狐,あばれぢから,まいまい,ハイドロ,黒ごま,エンJ,,
,2026/1/22(木),SW2.5,絡め取られた王の遺跡,名無し狐,あばれぢから,まいまい,ハイドロ,黒ごま,エンJ,,
,2026/1/26(月),CoC-㊙,純潔と鉄血,ペドロマ,viw,エンJ,,,,,
,2026/1/27(火),CoC-㊙,純潔と鉄血,ペドロマ,viw,エンJ,,,,,
,2026/1/28(水),CoC-㊙,純潔と鉄血,ペドロマ,viw,エンJ,,,,,
,2026/1/29(木),CoC-㊙,純潔と鉄血,ペドロマ,viw,エンJ,,,,,
,2026/1/29(木),CoC,老人は何を忘れたか,まいまい,死の古代魚ｻｶﾊﾞﾝﾃﾞｽﾋﾟｽ,あばれぢから,天白くん,,,,
,2026/1/30(金),SW2.5,SWスタダ『蛮族を駆逐せよ』,エンJ,まどらー,壱円,ハチェット,雨天雨衣,,,
,2026/1/31(土),SW2.5,SWスタダ『蛮族を駆逐せよ』,エンJ,まどらー,壱円,ハチェット,雨天雨衣,,,